NF Número;Série;Mod;Data;CFOP;Cliente;;Total Nota;ICMS
184255;1;65;01/06/2025;5102;CLIENTES DIVERSOS;;14,29;0
184256;1;65;01/06/2025;5102;CLIENTES DIVERSOS;;38,63;0
184257;1;65;01/06/2025;5102;CLIENTES DIVERSOS;;21,47;0
184258;1;65;02/06/2025;5102;CLIENTES DIVERSOS;;25,53;0
184259;1;65;02/06/2025;5102;CLIENTES DIVERSOS;;29,36;0
184260;1;65;02/06/2025;5102;CLIENTES DIVERSOS;;31,1;0
184261;1;65;02/06/2025;5102;CLIENTES DIVERSOS;;86,28;0
184262;1;65;02/06/2025;5102;CLIENTES DIVERSOS;;18,45;0
184263;1;65;02/06/2025;5102;CLIENTES DIVERSOS;;11,25;0
184264;1;65;02/06/2025;5102;CLIENTES DIVERSOS;;53,37;0
184265;1;65;02/06/2025;5102;CLIENTES DIVERSOS;;74,11;0
184266;1;65;02/06/2025;5102;CLIENTES DIVERSOS;;32,9;0
184267;1;65;02/06/2025;5102;CLIENTES DIVERSOS;;125,28;0
184268;1;65;02/06/2025;5102;CLIENTES DIVERSOS;;45,86;0
184269;1;65;02/06/2025;5102;CLIENTES DIVERSOS;;19,24;0
184270;1;65;02/06/2025;5102;CLIENTES DIVERSOS;;30,1;0
184271;1;65;02/06/2025;5102;CLIENTES DIVERSOS;;75,67;0
184272;1;65;02/06/2025;5102;CLIENTES DIVERSOS;;319,6;0
184273;1;65;02/06/2025;5102;CLIENTES DIVERSOS;;14,96;0
184274;1;65;02/06/2025;5102;CLIENTES DIVERSOS;;49,8;0
184275;1;65;02/06/2025;5102;CLIENTES DIVERSOS;;24,98;0
184276;1;65;02/06/2025;5102;CLIENTES DIVERSOS;;41,8;0
184277;1;65;02/06/2025;5102;CLIENTES DIVERSOS;;123,37;0
184278;1;65;02/06/2025;5102;CLIENTES DIVERSOS;;95,98;0
184279;1;65;02/06/2025;5102;CLIENTES DIVERSOS;;106,47;0
184280;1;65;02/06/2025;5102;CLIENTES DIVERSOS;;26,18;0
184281;1;65;02/06/2025;5102;CLIENTES DIVERSOS;;58,75;0
184282;1;65;02/06/2025;5102;CLIENTES DIVERSOS;;73,88;0
184283;1;65;02/06/2025;5102;CLIENTES DIVERSOS;;25,98;0
184284;1;65;02/06/2025;5102;CLIENTES DIVERSOS;;8,94;0
184285;1;65;03/06/2025;5102;CLIENTES DIVERSOS;;13,5;0
184286;1;65;03/06/2025;5102;CLIENTES DIVERSOS;;20,28;0
184287;1;65;03/06/2025;5102;CLIENTES DIVERSOS;;96;0
184288;1;65;03/06/2025;5102;CLIENTES DIVERSOS;;40,07;0
184289;1;65;03/06/2025;5102;CLIENTES DIVERSOS;;56,11;0
184290;1;65;03/06/2025;5102;CLIENTES DIVERSOS;;65,92;0
184291;1;65;03/06/2025;5102;CLIENTES DIVERSOS;;243,21;0
184292;1;65;03/06/2025;5102;CLIENTES DIVERSOS;;87,9;0
184293;1;65;03/06/2025;5102;CLIENTES DIVERSOS;;59,91;0
184294;1;65;03/06/2025;5102;CLIENTES DIVERSOS;;197,65;0
184295;1;65;03/06/2025;5102;CLIENTES DIVERSOS;;16,7;0
184296;1;65;03/06/2025;5102;CLIENTES DIVERSOS;;10,99;0
184297;1;65;03/06/2025;5102;CLIENTES DIVERSOS;;160,34;0
184298;1;65;03/06/2025;5102;CLIENTES DIVERSOS;;178,62;0
184299;1;65;03/06/2025;5102;CLIENTES DIVERSOS;;53;0
184300;1;65;03/06/2025;5102;CLIENTES DIVERSOS;;38,28;0
184301;1;65;03/06/2025;5102;CLIENTES DIVERSOS;;32,24;0
184302;1;65;03/06/2025;5102;CLIENTES DIVERSOS;;34,45;0
184303;1;65;03/06/2025;5102;CLIENTES DIVERSOS;;84,5;0
184304;1;65;03/06/2025;5102;CLIENTES DIVERSOS;;122,13;0
184305;1;65;03/06/2025;5102;CLIENTES DIVERSOS;;36,37;0
184306;1;65;03/06/2025;5102;CLIENTES DIVERSOS;;34,94;0
184307;1;65;03/06/2025;5102;CLIENTES DIVERSOS;;23,39;0
184308;1;65;03/06/2025;5102;CLIENTES DIVERSOS;;160,4;0
184309;1;65;03/06/2025;5102;CLIENTES DIVERSOS;;20,01;0
184310;1;65;03/06/2025;5102;CLIENTES DIVERSOS;;85,21;0
184311;1;65;03/06/2025;5102;CLIENTES DIVERSOS;;45,08;0
184312;1;65;03/06/2025;5102;CLIENTES DIVERSOS;;132,66;0
184313;1;65;03/06/2025;5102;CLIENTES DIVERSOS;;27,62;0
184314;1;65;03/06/2025;5102;CLIENTES DIVERSOS;;16,81;0
184315;1;65;03/06/2025;5102;CLIENTES DIVERSOS;;28,85;0
184316;1;65;03/06/2025;5102;CLIENTES DIVERSOS;;38,87;0
184317;1;65;03/06/2025;5102;CLIENTES DIVERSOS;;106,81;0
184318;1;65;04/06/2025;5102;CLIENTES DIVERSOS;;34,44;0
184319;1;65;04/06/2025;5102;CLIENTES DIVERSOS;;24;0
184320;1;65;04/06/2025;5102;CLIENTES DIVERSOS;;74,5;0
184321;1;65;04/06/2025;5102;CLIENTES DIVERSOS;;11,52;0
184322;1;65;04/06/2025;5102;CLIENTES DIVERSOS;;145,21;0
184323;1;65;04/06/2025;5102;CLIENTES DIVERSOS;;148,64;0
184324;1;65;04/06/2025;5102;CLIENTES DIVERSOS;;14,48;0
184325;1;65;04/06/2025;5102;CLIENTES DIVERSOS;;41,58;0
184326;1;65;04/06/2025;5102;CLIENTES DIVERSOS;;28,1;0
184327;1;65;04/06/2025;5102;CLIENTES DIVERSOS;;64,02;0
184328;1;65;04/06/2025;5102;CLIENTES DIVERSOS;;305,11;0
184329;1;65;04/06/2025;5102;CLIENTES DIVERSOS;;23,98;0
184330;1;65;04/06/2025;5102;CLIENTES DIVERSOS;;40,56;0
184331;1;65;04/06/2025;5102;CLIENTES DIVERSOS;;19,57;0
184332;1;65;04/06/2025;5102;CLIENTES DIVERSOS;;334,69;0
184334;1;65;04/06/2025;5102;CLIENTES DIVERSOS;;256,44;0
184335;1;65;04/06/2025;5102;CLIENTES DIVERSOS;;53,97;0
184336;1;65;05/06/2025;5102;CLIENTES DIVERSOS;;39,99;0
184337;1;65;05/06/2025;5102;CLIENTES DIVERSOS;;21,49;0
184338;1;65;05/06/2025;5102;CLIENTES DIVERSOS;;44,49;0
184339;1;65;05/06/2025;5102;CLIENTES DIVERSOS;;18,35;0
184340;1;65;05/06/2025;5102;CLIENTES DIVERSOS;;323,6;0
184341;1;65;05/06/2025;5102;CLIENTES DIVERSOS;;23,82;0
184342;1;65;05/06/2025;5102;CLIENTES DIVERSOS;;192,26;0
184343;1;65;05/06/2025;5102;CLIENTES DIVERSOS;;94,03;0
184344;1;65;05/06/2025;5102;CLIENTES DIVERSOS;;55,33;0
184345;1;65;05/06/2025;5102;CLIENTES DIVERSOS;;237,76;0
184346;1;65;05/06/2025;5102;CLIENTES DIVERSOS;;61,44;0
184347;1;65;05/06/2025;5102;CLIENTES DIVERSOS;;50,88;0
184348;1;65;05/06/2025;5102;CLIENTES DIVERSOS;;329,35;0
184349;1;65;05/06/2025;5102;CLIENTES DIVERSOS;;107,72;0
184350;1;65;05/06/2025;5102;CLIENTES DIVERSOS;;8,75;0
184351;1;65;05/06/2025;5102;CLIENTES DIVERSOS;;116,97;0
184352;1;65;05/06/2025;5102;CLIENTES DIVERSOS;;19,3;0
184353;1;65;05/06/2025;5102;CLIENTES DIVERSOS;;61,91;0
184354;1;65;05/06/2025;5102;CLIENTES DIVERSOS;;8,69;0
184355;1;65;05/06/2025;5102;CLIENTES DIVERSOS;;143,04;0
184356;1;65;05/06/2025;5102;CLIENTES DIVERSOS;;122,53;0
184357;1;65;05/06/2025;5102;CLIENTES DIVERSOS;;10,99;0
184358;1;65;05/06/2025;5102;CLIENTES DIVERSOS;;99,18;0
184359;1;65;05/06/2025;5102;CLIENTES DIVERSOS;;284,55;0
184360;1;65;05/06/2025;5102;CLIENTES DIVERSOS;;97,89;0
184361;1;65;05/06/2025;5102;CLIENTES DIVERSOS;;27,49;0
184362;1;65;05/06/2025;5102;CLIENTES DIVERSOS;;109,33;0
184363;1;65;05/06/2025;5102;CLIENTES DIVERSOS;;81,19;0
184364;1;65;05/06/2025;5102;CLIENTES DIVERSOS;;67,26;0
184365;1;65;05/06/2025;5102;CLIENTES DIVERSOS;;183,04;0
184366;1;65;05/06/2025;5102;CLIENTES DIVERSOS;;28,53;0
184367;1;65;05/06/2025;5102;CLIENTES DIVERSOS;;168,3;0
184368;1;65;05/06/2025;5102;CLIENTES DIVERSOS;;228,51;0
184369;1;65;05/06/2025;5102;CLIENTES DIVERSOS;;123,81;0
184370;1;65;05/06/2025;5102;CLIENTES DIVERSOS;;33,3;0
184371;1;65;05/06/2025;5102;CLIENTES DIVERSOS;;13,78;0
184372;1;65;05/06/2025;5102;CLIENTES DIVERSOS;;22,97;0
184373;1;65;05/06/2025;5102;CLIENTES DIVERSOS;;10,88;0
184374;1;65;05/06/2025;5102;CLIENTES DIVERSOS;;99,64;0
184375;1;65;05/06/2025;5102;CLIENTES DIVERSOS;;108,27;0
184376;1;65;05/06/2025;5102;CLIENTES DIVERSOS;;93,85;0
184377;1;65;05/06/2025;5102;CLIENTES DIVERSOS;;173,08;0
184378;1;65;05/06/2025;5102;CLIENTES DIVERSOS;;142,7;0
184379;1;65;05/06/2025;5102;CLIENTES DIVERSOS;;29,12;0
184380;1;65;05/06/2025;5102;CLIENTES DIVERSOS;;64,2;0
184381;1;65;05/06/2025;5102;CLIENTES DIVERSOS;;224,47;0
184382;1;65;05/06/2025;5102;CLIENTES DIVERSOS;;244,39;0
184333;1;65;06/06/2025;5102;CLIENTES DIVERSOS;;26,98;0
184383;1;65;06/06/2025;5102;CLIENTES DIVERSOS;;35,75;0
184384;1;65;06/06/2025;5102;CLIENTES DIVERSOS;;53,63;0
184385;1;65;06/06/2025;5102;CLIENTES DIVERSOS;;12,35;0
184386;1;65;06/06/2025;5102;CLIENTES DIVERSOS;;61,46;0
184387;1;65;06/06/2025;5102;CLIENTES DIVERSOS;;53,58;0
184388;1;65;06/06/2025;5102;CLIENTES DIVERSOS;;62,92;0
184389;1;65;06/06/2025;5102;CLIENTES DIVERSOS;;28,41;0
184390;1;65;06/06/2025;5102;CLIENTES DIVERSOS;;102,73;0
184391;1;65;06/06/2025;5102;CLIENTES DIVERSOS;;14,51;0
184392;1;65;06/06/2025;5102;CLIENTES DIVERSOS;;210,53;0
184393;1;65;06/06/2025;5102;CLIENTES DIVERSOS;;43,5;0
184394;1;65;06/06/2025;5102;CLIENTES DIVERSOS;;325,63;0
184395;1;65;06/06/2025;5102;CLIENTES DIVERSOS;;20,62;0
184396;1;65;06/06/2025;5102;CLIENTES DIVERSOS;;16,04;0
184397;1;65;06/06/2025;5102;CLIENTES DIVERSOS;;61,01;0
184398;1;65;06/06/2025;5102;CLIENTES DIVERSOS;;189,65;0
184399;1;65;06/06/2025;5102;CLIENTES DIVERSOS;;256,24;0
184400;1;65;06/06/2025;5102;CLIENTES DIVERSOS;;30,7;0
184401;1;65;06/06/2025;5102;CLIENTES DIVERSOS;;11,67;0
184402;1;65;06/06/2025;5102;CLIENTES DIVERSOS;;18,38;0
184403;1;65;06/06/2025;5102;CLIENTES DIVERSOS;;143,81;0
184404;1;65;06/06/2025;5102;CLIENTES DIVERSOS;;28,96;0
184405;1;65;06/06/2025;5102;CLIENTES DIVERSOS;;84,68;0
184406;1;65;06/06/2025;5102;CLIENTES DIVERSOS;;10,88;0
184407;1;65;06/06/2025;5102;CLIENTES DIVERSOS;;134,07;0
184408;1;65;06/06/2025;5102;CLIENTES DIVERSOS;;36,55;0
184409;1;65;06/06/2025;5102;CLIENTES DIVERSOS;;81,59;0
184410;1;65;06/06/2025;5102;CLIENTES DIVERSOS;;53,48;0
184411;1;65;06/06/2025;5102;CLIENTES DIVERSOS;;17,97;0
184412;1;65;06/06/2025;5102;CLIENTES DIVERSOS;;77,92;0
184413;1;65;06/06/2025;5102;CLIENTES DIVERSOS;;136,31;0
184414;1;65;07/06/2025;5102;CLIENTES DIVERSOS;;26,49;0
184415;1;65;07/06/2025;5102;CLIENTES DIVERSOS;;240,48;0
184416;1;65;07/06/2025;5102;CLIENTES DIVERSOS;;88,91;0
184417;1;65;07/06/2025;5102;CLIENTES DIVERSOS;;32,33;0
184418;1;65;07/06/2025;5102;CLIENTES DIVERSOS;;112,65;0
184419;1;65;07/06/2025;5102;CLIENTES DIVERSOS;;166,58;0
184420;1;65;07/06/2025;5102;CLIENTES DIVERSOS;;49,89;0
184421;1;65;07/06/2025;5102;CLIENTES DIVERSOS;;187,99;0
184422;1;65;07/06/2025;5102;CLIENTES DIVERSOS;;89,15;0
184423;1;65;07/06/2025;5102;CLIENTES DIVERSOS;;51,39;0
184424;1;65;07/06/2025;5102;CLIENTES DIVERSOS;;216,05;0
184425;1;65;07/06/2025;5102;CLIENTES DIVERSOS;;66,45;0
184426;1;65;07/06/2025;5102;CLIENTES DIVERSOS;;55,02;0
184427;1;65;07/06/2025;5102;CLIENTES DIVERSOS;;49,72;0
184428;1;65;07/06/2025;5102;CLIENTES DIVERSOS;;64,35;0
184429;1;65;07/06/2025;5102;CLIENTES DIVERSOS;;56,8;0
184430;1;65;07/06/2025;5102;CLIENTES DIVERSOS;;129,06;0
184431;1;65;07/06/2025;5102;CLIENTES DIVERSOS;;30,78;0
184432;1;65;07/06/2025;5102;CLIENTES DIVERSOS;;28,08;0
184433;1;65;07/06/2025;5102;CLIENTES DIVERSOS;;33,22;0
184434;1;65;07/06/2025;5102;CLIENTES DIVERSOS;;45,28;0
184435;1;65;07/06/2025;5102;CLIENTES DIVERSOS;;260,46;0
184436;1;65;07/06/2025;5102;CLIENTES DIVERSOS;;77,48;0
184437;1;65;07/06/2025;5102;CLIENTES DIVERSOS;;116,96;0
184438;1;65;08/06/2025;5102;CLIENTES DIVERSOS;;13,88;0
184439;1;65;08/06/2025;5102;CLIENTES DIVERSOS;;151,57;0
184440;1;65;08/06/2025;5102;CLIENTES DIVERSOS;;58,13;0
184441;1;65;08/06/2025;5102;CLIENTES DIVERSOS;;31,76;0
184442;1;65;08/06/2025;5102;CLIENTES DIVERSOS;;31,75;0
184443;1;65;08/06/2025;5102;CLIENTES DIVERSOS;;77,02;0
184444;1;65;08/06/2025;5102;CLIENTES DIVERSOS;;237,75;0
184445;1;65;08/06/2025;5102;CLIENTES DIVERSOS;;93,68;0
184446;1;65;08/06/2025;5102;CLIENTES DIVERSOS;;37,79;0
184447;1;65;08/06/2025;5102;CLIENTES DIVERSOS;;40,15;0
184448;1;65;08/06/2025;5102;CLIENTES DIVERSOS;;172,94;0
184449;1;65;08/06/2025;5102;CLIENTES DIVERSOS;;66,17;0
184450;1;65;08/06/2025;5102;CLIENTES DIVERSOS;;80,01;0
184451;1;65;09/06/2025;5102;CLIENTES DIVERSOS;;58,49;0
184452;1;65;09/06/2025;5102;CLIENTES DIVERSOS;;22,71;0
184453;1;65;09/06/2025;5102;CLIENTES DIVERSOS;;27,21;0
184454;1;65;09/06/2025;5102;CLIENTES DIVERSOS;;44,34;0
184455;1;65;09/06/2025;5102;CLIENTES DIVERSOS;;74,1;0
184456;1;65;09/06/2025;5102;CLIENTES DIVERSOS;;33,67;0
184457;1;65;09/06/2025;5102;CLIENTES DIVERSOS;;162,12;0
184458;1;65;09/06/2025;5102;CLIENTES DIVERSOS;;67,52;0
184459;1;65;09/06/2025;5102;CLIENTES DIVERSOS;;63,77;0
184460;1;65;09/06/2025;5102;CLIENTES DIVERSOS;;440,42;0
184461;1;65;09/06/2025;5102;CLIENTES DIVERSOS;;47,02;0
184462;1;65;09/06/2025;5102;CLIENTES DIVERSOS;;11,1;0
184463;1;65;09/06/2025;5102;CLIENTES DIVERSOS;;29,88;0
184464;1;65;09/06/2025;5102;CLIENTES DIVERSOS;;348,86;0
184465;1;65;09/06/2025;5102;CLIENTES DIVERSOS;;41,48;0
184466;1;65;09/06/2025;5102;CLIENTES DIVERSOS;;105,98;0
184467;1;65;09/06/2025;5102;CLIENTES DIVERSOS;;13,98;0
184468;1;65;09/06/2025;5102;CLIENTES DIVERSOS;;62,93;0
184469;1;65;09/06/2025;5102;CLIENTES DIVERSOS;;18,48;0
184470;1;65;09/06/2025;5102;CLIENTES DIVERSOS;;25,37;0
184471;1;65;09/06/2025;5102;CLIENTES DIVERSOS;;86,5;0
184472;1;65;09/06/2025;5102;CLIENTES DIVERSOS;;27,16;0
184473;1;65;09/06/2025;5102;CLIENTES DIVERSOS;;104,76;0
184474;1;65;09/06/2025;5102;CLIENTES DIVERSOS;;86,36;0
184475;1;65;09/06/2025;5102;CLIENTES DIVERSOS;;27,98;0
184476;1;65;09/06/2025;5102;CLIENTES DIVERSOS;;32,73;0
184477;1;65;10/06/2025;5102;CLIENTES DIVERSOS;;15,06;0
184478;1;65;10/06/2025;5102;CLIENTES DIVERSOS;;5,15;0
184479;1;65;10/06/2025;5102;CLIENTES DIVERSOS;;112,04;0
184480;1;65;10/06/2025;5102;CLIENTES DIVERSOS;;26,96;0
184481;1;65;10/06/2025;5102;CLIENTES DIVERSOS;;178,38;0
184482;1;65;10/06/2025;5102;CLIENTES DIVERSOS;;47,76;0
184483;1;65;10/06/2025;5102;CLIENTES DIVERSOS;;86,99;0
184484;1;65;10/06/2025;5102;CLIENTES DIVERSOS;;51,26;0
184485;1;65;10/06/2025;5102;CLIENTES DIVERSOS;;35,63;0
184486;1;65;10/06/2025;5102;CLIENTES DIVERSOS;;28,79;0
184487;1;65;10/06/2025;5102;CLIENTES DIVERSOS;;41,88;0
184488;1;65;10/06/2025;5102;CLIENTES DIVERSOS;;70,97;0
184489;1;65;10/06/2025;5102;CLIENTES DIVERSOS;;28,74;0
184490;1;65;10/06/2025;5102;CLIENTES DIVERSOS;;99,95;0
184491;1;65;10/06/2025;5102;CLIENTES DIVERSOS;;25,28;0
184492;1;65;10/06/2025;5102;CLIENTES DIVERSOS;;68,97;0
184493;1;65;10/06/2025;5102;CLIENTES DIVERSOS;;48,61;0
184494;1;65;10/06/2025;5102;CLIENTES DIVERSOS;;72,52;0
184495;1;65;10/06/2025;5102;CLIENTES DIVERSOS;;9,99;0
184496;1;65;10/06/2025;5102;CLIENTES DIVERSOS;;90,62;0
184497;1;65;10/06/2025;5102;CLIENTES DIVERSOS;;20,97;0
184498;1;65;10/06/2025;5102;CLIENTES DIVERSOS;;215,85;0
184499;1;65;10/06/2025;5102;CLIENTES DIVERSOS;;35,4;0
184500;1;65;10/06/2025;5102;CLIENTES DIVERSOS;;21,98;0
184501;1;65;10/06/2025;5102;CLIENTES DIVERSOS;;39,43;0
184502;1;65;10/06/2025;5102;CLIENTES DIVERSOS;;35,98;0
184503;1;65;10/06/2025;5102;CLIENTES DIVERSOS;;55,21;0
184504;1;65;10/06/2025;5102;CLIENTES DIVERSOS;;62,91;0
184505;1;65;10/06/2025;5102;CLIENTES DIVERSOS;;80,12;0
184506;1;65;10/06/2025;5102;CLIENTES DIVERSOS;;39,9;0
184507;1;65;10/06/2025;5102;CLIENTES DIVERSOS;;71,57;0
184508;1;65;10/06/2025;5102;CLIENTES DIVERSOS;;34,35;0
184509;1;65;11/06/2025;5102;CLIENTES DIVERSOS;;21,39;0
184510;1;65;11/06/2025;5102;CLIENTES DIVERSOS;;14;0
184511;1;65;11/06/2025;5102;CLIENTES DIVERSOS;;25,96;0
184512;1;65;11/06/2025;5102;CLIENTES DIVERSOS;;85,63;0
184513;1;65;11/06/2025;5102;CLIENTES DIVERSOS;;17,88;0
184514;1;65;11/06/2025;5102;CLIENTES DIVERSOS;;57,44;0
184515;1;65;11/06/2025;5102;CLIENTES DIVERSOS;;21,42;0
184516;1;65;11/06/2025;5102;CLIENTES DIVERSOS;;60,05;0
184517;1;65;11/06/2025;5102;CLIENTES DIVERSOS;;43,96;0
184518;1;65;11/06/2025;5102;CLIENTES DIVERSOS;;93,43;0
184519;1;65;11/06/2025;5102;CLIENTES DIVERSOS;;26,8;0
184520;1;65;11/06/2025;5102;CLIENTES DIVERSOS;;51,14;0
184521;1;65;11/06/2025;5102;CLIENTES DIVERSOS;;16,05;0
184522;1;65;11/06/2025;5102;CLIENTES DIVERSOS;;70,61;0
184523;1;65;11/06/2025;5102;CLIENTES DIVERSOS;;32,61;0
184524;1;65;11/06/2025;5102;CLIENTES DIVERSOS;;46,84;0
184525;1;65;11/06/2025;5102;CLIENTES DIVERSOS;;52,62;0
184526;1;65;11/06/2025;5102;CLIENTES DIVERSOS;;82,66;0
184527;1;65;11/06/2025;5102;CLIENTES DIVERSOS;;88,75;0
184528;1;65;11/06/2025;5102;CLIENTES DIVERSOS;;24,84;0
184529;1;65;11/06/2025;5102;CLIENTES DIVERSOS;;4,83;0
184530;1;65;11/06/2025;5102;CLIENTES DIVERSOS;;98,78;0
184531;1;65;12/06/2025;5102;CLIENTES DIVERSOS;;37,79;0
184532;1;65;12/06/2025;5102;CLIENTES DIVERSOS;;30,99;0
184533;1;65;12/06/2025;5102;CLIENTES DIVERSOS;;11,59;0
184534;1;65;12/06/2025;5102;CLIENTES DIVERSOS;;66,31;0
184535;1;65;12/06/2025;5102;CLIENTES DIVERSOS;;11,47;0
184536;1;65;12/06/2025;5102;CLIENTES DIVERSOS;;110,98;0
184537;1;65;12/06/2025;5102;PISCINA AZUL COMERCIO DE PISCINAS EIRELE;;96,85;0
184538;1;65;12/06/2025;5102;CLIENTES DIVERSOS;;7,99;0
184539;1;65;12/06/2025;5102;CLIENTES DIVERSOS;;225,81;0
184540;1;65;12/06/2025;5102;CLIENTES DIVERSOS;;419,78;0
184541;1;65;12/06/2025;5102;CLIENTES DIVERSOS;;60,79;0
184542;1;65;12/06/2025;5102;CLIENTES DIVERSOS;;43,85;0
184543;1;65;12/06/2025;5102;CLIENTES DIVERSOS;;83,59;0
184544;1;65;12/06/2025;5102;CLIENTES DIVERSOS;;222,73;0
184545;1;65;12/06/2025;5102;CLIENTES DIVERSOS;;162,4;0
184546;1;65;12/06/2025;5102;CLIENTES DIVERSOS;;63,61;0
184547;1;65;12/06/2025;5102;CLIENTES DIVERSOS;;158,26;0
184548;1;65;12/06/2025;5102;CLIENTES DIVERSOS;;17,99;0
184549;1;65;12/06/2025;5102;CLIENTES DIVERSOS;;50,56;0
184550;1;65;12/06/2025;5102;CLIENTES DIVERSOS;;86,02;0
184551;1;65;12/06/2025;5102;CLIENTES DIVERSOS;;87,72;0
184552;1;65;12/06/2025;5102;CLIENTES DIVERSOS;;10,99;0
184553;1;65;12/06/2025;5102;CLIENTES DIVERSOS;;12,8;0
184554;1;65;12/06/2025;5102;CLIENTES DIVERSOS;;55,74;0
184555;1;65;12/06/2025;5102;CLIENTES DIVERSOS;;33,48;0
184556;1;65;12/06/2025;5102;CLIENTES DIVERSOS;;179,34;0
184557;1;65;12/06/2025;5102;CLIENTES DIVERSOS;;139,22;0
184558;1;65;12/06/2025;5102;CLIENTES DIVERSOS;;38,45;0
184559;1;65;12/06/2025;5102;CLIENTES DIVERSOS;;82,78;0
184560;1;65;12/06/2025;5102;CLIENTES DIVERSOS;;179,3;0
184561;1;65;12/06/2025;5102;CLIENTES DIVERSOS;;35,62;0
184562;1;65;12/06/2025;5102;CLIENTES DIVERSOS;;54,98;0
184563;1;65;12/06/2025;5102;CLIENTES DIVERSOS;;271,67;0
184564;1;65;12/06/2025;5102;CLIENTES DIVERSOS;;40,45;0
184565;1;65;12/06/2025;5102;CLIENTES DIVERSOS;;79,72;0
184566;1;65;12/06/2025;5102;CLIENTES DIVERSOS;;84,37;0
184567;1;65;12/06/2025;5102;CLIENTES DIVERSOS;;68,18;0
184568;1;65;12/06/2025;5102;CLIENTES DIVERSOS;;81,8;0
184569;1;65;12/06/2025;5102;CLIENTES DIVERSOS;;102,48;0
184570;1;65;13/06/2025;5102;CLIENTES DIVERSOS;;36,08;0
184571;1;65;13/06/2025;5102;CLIENTES DIVERSOS;;13,64;0
184572;1;65;13/06/2025;5102;CLIENTES DIVERSOS;;27,51;0
184573;1;65;13/06/2025;5102;CLIENTES DIVERSOS;;13,4;0
184574;1;65;13/06/2025;5102;CLIENTES DIVERSOS;;73,13;0
184575;1;65;13/06/2025;5102;CLIENTES DIVERSOS;;226,08;0
184576;1;65;13/06/2025;5102;CLIENTES DIVERSOS;;16,99;0
184577;1;65;13/06/2025;5102;CLIENTES DIVERSOS;;33,43;0
184578;1;65;13/06/2025;5102;CLIENTES DIVERSOS;;5,1;0
184579;1;65;13/06/2025;5102;CLIENTES DIVERSOS;;25,32;0
184580;1;65;13/06/2025;5102;CLIENTES DIVERSOS;;97,19;0
184581;1;65;13/06/2025;5102;CLIENTES DIVERSOS;;25,98;0
184582;1;65;13/06/2025;5102;CLIENTES DIVERSOS;;44,47;0
184583;1;65;13/06/2025;5102;CLIENTES DIVERSOS;;38;0
184584;1;65;13/06/2025;5102;CLIENTES DIVERSOS;;17,96;0
184585;1;65;13/06/2025;5102;CLIENTES DIVERSOS;;52,43;0
184586;1;65;13/06/2025;5102;CLIENTES DIVERSOS;;16,17;0
184587;1;65;13/06/2025;5102;CLIENTES DIVERSOS;;35,38;0
184588;1;65;13/06/2025;5102;CLIENTES DIVERSOS;;66,37;0
184589;1;65;13/06/2025;5102;CLIENTES DIVERSOS;;125,46;0
184590;1;65;13/06/2025;5102;CLIENTES DIVERSOS;;44,1;0
184591;1;65;14/06/2025;5102;CLIENTES DIVERSOS;;60,2;0
184592;1;65;14/06/2025;5102;CLIENTES DIVERSOS;;21,99;0
184593;1;65;14/06/2025;5102;CLIENTES DIVERSOS;;73,92;0
184594;1;65;14/06/2025;5102;CLIENTES DIVERSOS;;10,92;0
184595;1;65;14/06/2025;5102;CLIENTES DIVERSOS;;190,75;0
184596;1;65;14/06/2025;5102;CLIENTES DIVERSOS;;51,84;0
184597;1;65;14/06/2025;5102;CLIENTES DIVERSOS;;34,24;0
184598;1;65;14/06/2025;5102;CLIENTES DIVERSOS;;47,56;0
184599;1;65;14/06/2025;5102;CLIENTES DIVERSOS;;31,72;0
184600;1;65;14/06/2025;5102;CLIENTES DIVERSOS;;19,45;0
184601;1;65;14/06/2025;5102;CLIENTES DIVERSOS;;200,58;0
184602;1;65;14/06/2025;5102;CLIENTES DIVERSOS;;12,98;0
184603;1;65;14/06/2025;5102;CLIENTES DIVERSOS;;94,92;0
184604;1;65;14/06/2025;5102;CLIENTES DIVERSOS;;230,3;0
184605;1;65;14/06/2025;5102;CLIENTES DIVERSOS;;75,38;0
184606;1;65;14/06/2025;5102;CLIENTES DIVERSOS;;100,36;0
184607;1;65;14/06/2025;5102;CLIENTES DIVERSOS;;30,8;0
184608;1;65;14/06/2025;5102;CLIENTES DIVERSOS;;34,74;0
184609;1;65;14/06/2025;5102;CLIENTES DIVERSOS;;8,11;0
184610;1;65;14/06/2025;5102;CLIENTES DIVERSOS;;8,13;0
184611;1;65;14/06/2025;5102;CLIENTES DIVERSOS;;119,55;0
184612;1;65;14/06/2025;5102;CLIENTES DIVERSOS;;142,56;0
184613;1;65;14/06/2025;5102;CLIENTES DIVERSOS;;37,12;0
184614;1;65;14/06/2025;5102;CLIENTES DIVERSOS;;42,65;0
184615;1;65;14/06/2025;5102;CLIENTES DIVERSOS;;53,47;0
184616;1;65;14/06/2025;5102;CLIENTES DIVERSOS;;84,85;0
184617;1;65;14/06/2025;5102;CLIENTES DIVERSOS;;114,33;0
184618;1;65;14/06/2025;5102;CLIENTES DIVERSOS;;13,76;0
184619;1;65;14/06/2025;5102;CLIENTES DIVERSOS;;28,3;0
184620;1;65;14/06/2025;5102;CLIENTES DIVERSOS;;47,82;0
184621;1;65;15/06/2025;5102;CLIENTES DIVERSOS;;18,41;0
184622;1;65;15/06/2025;5102;CLIENTES DIVERSOS;;100,6;0
184623;1;65;15/06/2025;5102;CLIENTES DIVERSOS;;108,98;0
184624;1;65;15/06/2025;5102;CLIENTES DIVERSOS;;25,37;0
184625;1;65;15/06/2025;5102;CLIENTES DIVERSOS;;60,68;0
184626;1;65;16/06/2025;5102;CLIENTES DIVERSOS;;26;0
184627;1;65;16/06/2025;5102;CLIENTES DIVERSOS;;7,32;0
184628;1;65;16/06/2025;5102;CLIENTES DIVERSOS;;37,74;0
184629;1;65;16/06/2025;5102;CLIENTES DIVERSOS;;14,25;0
184630;1;65;16/06/2025;5102;CLIENTES DIVERSOS;;98,06;0
184631;1;65;16/06/2025;5102;CLIENTES DIVERSOS;;7,99;0
184632;1;65;16/06/2025;5102;CLIENTES DIVERSOS;;71,4;0
184633;1;65;16/06/2025;5102;CLIENTES DIVERSOS;;49,07;0
184634;1;65;16/06/2025;5102;CLIENTES DIVERSOS;;19,1;0
184635;1;65;16/06/2025;5102;CLIENTES DIVERSOS;;29,6;0
184636;1;65;16/06/2025;5102;CLIENTES DIVERSOS;;72,86;0
184637;1;65;16/06/2025;5102;CLIENTES DIVERSOS;;17,28;0
184638;1;65;16/06/2025;5102;CLIENTES DIVERSOS;;59,83;0
184639;1;65;16/06/2025;5102;CLIENTES DIVERSOS;;61,4;0
184640;1;65;16/06/2025;5102;CLIENTES DIVERSOS;;134,25;0
184641;1;65;16/06/2025;5102;CLIENTES DIVERSOS;;51,08;0
184642;1;65;17/06/2025;5102;CLIENTES DIVERSOS;;18,44;0
184643;1;65;17/06/2025;5102;CLIENTES DIVERSOS;;217,09;0
184644;1;65;17/06/2025;5102;CLIENTES DIVERSOS;;6,25;0
184645;1;65;17/06/2025;5102;CLIENTES DIVERSOS;;65,98;0
184646;1;65;17/06/2025;5102;CLIENTES DIVERSOS;;64,21;0
184647;1;65;17/06/2025;5102;CLIENTES DIVERSOS;;22,37;0
184648;1;65;17/06/2025;5102;CLIENTES DIVERSOS;;100,32;0
184649;1;65;17/06/2025;5102;CLIENTES DIVERSOS;;139,66;0
184650;1;65;17/06/2025;5102;CLIENTES DIVERSOS;;45,49;0
184651;1;65;17/06/2025;5102;CLIENTES DIVERSOS;;22,18;0
184652;1;65;17/06/2025;5102;CLIENTES DIVERSOS;;59;0
184653;1;65;17/06/2025;5102;CLIENTES DIVERSOS;;41,14;0
184654;1;65;17/06/2025;5102;CLIENTES DIVERSOS;;7,99;0
184655;1;65;17/06/2025;5102;CLIENTES DIVERSOS;;77,7;0
184656;1;65;17/06/2025;5102;CLIENTES DIVERSOS;;53,62;0
184657;1;65;17/06/2025;5102;CLIENTES DIVERSOS;;67,21;0
184658;1;65;17/06/2025;5102;CLIENTES DIVERSOS;;93,41;0
184659;1;65;17/06/2025;5102;CLIENTES DIVERSOS;;39,55;0
184660;1;65;17/06/2025;5102;CLIENTES DIVERSOS;;48,71;0
184661;1;65;17/06/2025;5102;CLIENTES DIVERSOS;;274,46;0
184662;1;65;17/06/2025;5102;CLIENTES DIVERSOS;;46,96;0
184663;1;65;17/06/2025;5102;CLIENTES DIVERSOS;;93,08;0
184664;1;65;17/06/2025;5102;CLIENTES DIVERSOS;;16,12;0
184665;1;65;17/06/2025;5102;CLIENTES DIVERSOS;;49,2;0
184666;1;65;17/06/2025;5102;CLIENTES DIVERSOS;;35,52;0
184667;1;65;17/06/2025;5102;CLIENTES DIVERSOS;;13,26;0
184668;1;65;17/06/2025;5102;CLIENTES DIVERSOS;;27,95;0
184669;1;65;18/06/2025;5102;CLIENTES DIVERSOS;;20,75;0
184670;1;65;18/06/2025;5102;CLIENTES DIVERSOS;;452,34;0
184671;1;65;18/06/2025;5102;CLIENTES DIVERSOS;;34,7;0
184672;1;65;18/06/2025;5102;CLIENTES DIVERSOS;;103,6;0
184673;1;65;18/06/2025;5102;CLIENTES DIVERSOS;;14,95;0
184674;1;65;18/06/2025;5102;CLIENTES DIVERSOS;;16,49;0
184675;1;65;18/06/2025;5102;CLIENTES DIVERSOS;;42,63;0
184676;1;65;18/06/2025;5102;CLIENTES DIVERSOS;;27,57;0
184677;1;65;18/06/2025;5102;CLIENTES DIVERSOS;;88,83;0
184678;1;65;18/06/2025;5102;CLIENTES DIVERSOS;;88,46;0
184679;1;65;18/06/2025;5102;CLIENTES DIVERSOS;;120,67;0
184680;1;65;18/06/2025;5102;CLIENTES DIVERSOS;;15,48;0
184681;1;65;18/06/2025;5102;CLIENTES DIVERSOS;;54,42;0
184682;1;65;18/06/2025;5102;CLIENTES DIVERSOS;;46,71;0
184683;1;65;18/06/2025;5102;CLIENTES DIVERSOS;;49,24;0
184684;1;65;18/06/2025;5102;CLIENTES DIVERSOS;;131,85;0
184685;1;65;18/06/2025;5102;CLIENTES DIVERSOS;;38,93;0
184686;1;65;18/06/2025;5102;CLIENTES DIVERSOS;;57,07;0
184687;1;65;18/06/2025;5102;CLIENTES DIVERSOS;;38,58;0
184688;1;65;18/06/2025;5102;CLIENTES DIVERSOS;;68,12;0
184689;1;65;18/06/2025;5102;CLIENTES DIVERSOS;;24,73;0
184690;1;65;18/06/2025;5102;CLIENTES DIVERSOS;;52,31;0
184691;1;65;18/06/2025;5102;CLIENTES DIVERSOS;;69,08;0
184692;1;65;18/06/2025;5102;CLIENTES DIVERSOS;;103,64;0
184693;1;65;18/06/2025;5102;CLIENTES DIVERSOS;;54,06;0
184694;1;65;18/06/2025;5102;CLIENTES DIVERSOS;;92,77;0
184695;1;65;19/06/2025;5102;CLIENTES DIVERSOS;;62,59;0
184696;1;65;19/06/2025;5102;CLIENTES DIVERSOS;;424,89;0
184697;1;65;19/06/2025;5102;CLIENTES DIVERSOS;;145,22;0
184698;1;65;19/06/2025;5102;CLIENTES DIVERSOS;;157,66;0
184699;1;65;19/06/2025;5102;CLIENTES DIVERSOS;;103,89;0
184700;1;65;19/06/2025;5102;CLIENTES DIVERSOS;;25,25;0
184701;1;65;19/06/2025;5102;CLIENTES DIVERSOS;;96,22;0
184702;1;65;19/06/2025;5102;CLIENTES DIVERSOS;;156,99;0
184703;1;65;19/06/2025;5102;CLIENTES DIVERSOS;;96,99;0
184704;1;65;19/06/2025;5102;CLIENTES DIVERSOS;;34,97;0
184705;1;65;19/06/2025;5102;CLIENTES DIVERSOS;;30,95;0
184706;1;65;19/06/2025;5102;CLIENTES DIVERSOS;;77,19;0
184707;1;65;19/06/2025;5102;CLIENTES DIVERSOS;;187,69;0
184708;1;65;19/06/2025;5102;CLIENTES DIVERSOS;;42,22;0
184709;1;65;19/06/2025;5102;CLIENTES DIVERSOS;;28,8;0
184710;1;65;19/06/2025;5102;CLIENTES DIVERSOS;;43,86;0
184711;1;65;19/06/2025;5102;CLIENTES DIVERSOS;;32,69;0
184712;1;65;19/06/2025;5102;CLIENTES DIVERSOS;;235,46;0
184713;1;65;19/06/2025;5102;CLIENTES DIVERSOS;;62,28;0
184714;1;65;19/06/2025;5102;CLIENTES DIVERSOS;;10,32;0
184715;1;65;19/06/2025;5102;CLIENTES DIVERSOS;;227,12;0
184716;1;65;19/06/2025;5102;CLIENTES DIVERSOS;;29,74;0
184717;1;65;19/06/2025;5102;CLIENTES DIVERSOS;;111,73;0
184718;1;65;19/06/2025;5102;CLIENTES DIVERSOS;;21,85;0
184719;1;65;19/06/2025;5102;CLIENTES DIVERSOS;;30,07;0
184720;1;65;19/06/2025;5102;CLIENTES DIVERSOS;;42,35;0
184721;1;65;19/06/2025;5102;CLIENTES DIVERSOS;;94,88;0
184722;1;65;19/06/2025;5102;CLIENTES DIVERSOS;;208,74;0
184723;1;65;20/06/2025;5102;CLIENTES DIVERSOS;;5,99;0
184724;1;65;20/06/2025;5102;CLIENTES DIVERSOS;;48,5;0
184725;1;65;20/06/2025;5102;CLIENTES DIVERSOS;;35,97;0
184726;1;65;20/06/2025;5102;CLIENTES DIVERSOS;;55,53;0
184727;1;65;20/06/2025;5102;CLIENTES DIVERSOS;;205,21;0
184728;1;65;20/06/2025;5102;CLIENTES DIVERSOS;;96,97;0
184729;1;65;20/06/2025;5102;CLIENTES DIVERSOS;;101,75;0
184730;1;65;20/06/2025;5102;CLIENTES DIVERSOS;;32,39;0
184731;1;65;20/06/2025;5102;CLIENTES DIVERSOS;;18,2;0
184732;1;65;20/06/2025;5102;CLIENTES DIVERSOS;;39,9;0
184733;1;65;20/06/2025;5102;CLIENTES DIVERSOS;;48,97;0
184734;1;65;20/06/2025;5102;CLIENTES DIVERSOS;;157,79;0
184735;1;65;20/06/2025;5102;CLIENTES DIVERSOS;;17,93;0
184736;1;65;20/06/2025;5102;CLIENTES DIVERSOS;;58,82;0
184737;1;65;20/06/2025;5102;CLIENTES DIVERSOS;;19,27;0
184738;1;65;20/06/2025;5102;CLIENTES DIVERSOS;;17,99;0
184739;1;65;20/06/2025;5102;CLIENTES DIVERSOS;;27,85;0
184740;1;65;20/06/2025;5102;CLIENTES DIVERSOS;;109,13;0
184741;1;65;20/06/2025;5102;CLIENTES DIVERSOS;;16,45;0
184742;1;65;20/06/2025;5102;CLIENTES DIVERSOS;;31,85;0
184743;1;65;20/06/2025;5102;CLIENTES DIVERSOS;;250,11;0
184744;1;65;20/06/2025;5102;CLIENTES DIVERSOS;;122,84;0
184745;1;65;20/06/2025;5102;CLIENTES DIVERSOS;;12,38;0
184746;1;65;20/06/2025;5102;CLIENTES DIVERSOS;;27,81;0
184747;1;65;20/06/2025;5102;CLIENTES DIVERSOS;;55,68;0
184748;1;65;20/06/2025;5102;CLIENTES DIVERSOS;;97,05;0
184749;1;65;20/06/2025;5102;CLIENTES DIVERSOS;;39,57;0
184750;1;65;20/06/2025;5102;CLIENTES DIVERSOS;;252,35;0
184751;1;65;20/06/2025;5102;CLIENTES DIVERSOS;;10,5;0
184752;1;65;20/06/2025;5102;CLIENTES DIVERSOS;;24,85;0
184753;1;65;21/06/2025;5102;CLIENTES DIVERSOS;;82,98;0
184754;1;65;21/06/2025;5102;CLIENTES DIVERSOS;;24,02;0
184755;1;65;21/06/2025;5102;CLIENTES DIVERSOS;;15,18;0
184756;1;65;21/06/2025;5102;CLIENTES DIVERSOS;;109,71;0
184757;1;65;21/06/2025;5102;CLIENTES DIVERSOS;;28,66;0
184758;1;65;21/06/2025;5102;CLIENTES DIVERSOS;;59,43;0
184759;1;65;21/06/2025;5102;CLIENTES DIVERSOS;;29,98;0
184760;1;65;21/06/2025;5102;CLIENTES DIVERSOS;;67,01;0
184761;1;65;21/06/2025;5102;CLIENTES DIVERSOS;;146,69;0
184762;1;65;21/06/2025;5102;CLIENTES DIVERSOS;;56,94;0
184763;1;65;21/06/2025;5102;CLIENTES DIVERSOS;;58,62;0
184764;1;65;21/06/2025;5102;CLIENTES DIVERSOS;;25,84;0
184765;1;65;21/06/2025;5102;CLIENTES DIVERSOS;;112,42;0
184766;1;65;21/06/2025;5102;CLIENTES DIVERSOS;;23,18;0
184767;1;65;21/06/2025;5102;CLIENTES DIVERSOS;;30,65;0
184768;1;65;21/06/2025;5102;CLIENTES DIVERSOS;;6,34;0
184769;1;65;21/06/2025;5102;CLIENTES DIVERSOS;;16,59;0
184770;1;65;21/06/2025;5102;CLIENTES DIVERSOS;;33;0
184771;1;65;21/06/2025;5102;CLIENTES DIVERSOS;;57,97;0
184772;1;65;21/06/2025;5102;CLIENTES DIVERSOS;;18,25;0
184773;1;65;21/06/2025;5102;CLIENTES DIVERSOS;;197,06;0
184774;1;65;21/06/2025;5102;CLIENTES DIVERSOS;;295,37;0
184775;1;65;21/06/2025;5102;CLIENTES DIVERSOS;;47,78;0
184776;1;65;21/06/2025;5102;CLIENTES DIVERSOS;;53,44;0
184777;1;65;21/06/2025;5102;CLIENTES DIVERSOS;;55,21;0
184778;1;65;22/06/2025;5102;CLIENTES DIVERSOS;;5,73;0
184779;1;65;22/06/2025;5102;CLIENTES DIVERSOS;;10,98;0
184780;1;65;22/06/2025;5102;CLIENTES DIVERSOS;;40,54;0
184781;1;65;22/06/2025;5102;CLIENTES DIVERSOS;;74,07;0
184782;1;65;22/06/2025;5102;CLIENTES DIVERSOS;;81,85;0
184783;1;65;22/06/2025;5102;CLIENTES DIVERSOS;;52,14;0
184784;1;65;22/06/2025;5102;CLIENTES DIVERSOS;;56,7;0
184785;1;65;22/06/2025;5102;CLIENTES DIVERSOS;;222,33;0
184786;1;65;22/06/2025;5102;CLIENTES DIVERSOS;;128,3;0
184787;1;65;22/06/2025;5102;CLIENTES DIVERSOS;;79,1;0
184788;1;65;22/06/2025;5102;CLIENTES DIVERSOS;;119,63;0
184789;1;65;22/06/2025;5102;CLIENTES DIVERSOS;;115,33;0
184790;1;65;22/06/2025;5102;CLIENTES DIVERSOS;;39,99;0
184791;1;65;22/06/2025;5102;CLIENTES DIVERSOS;;21,11;0
184792;1;65;22/06/2025;5102;CLIENTES DIVERSOS;;19,6;0
184793;1;65;22/06/2025;5102;CLIENTES DIVERSOS;;19,6;0
184794;1;65;22/06/2025;5102;CLIENTES DIVERSOS;;95,19;0
184795;1;65;22/06/2025;5102;CLIENTES DIVERSOS;;40,68;0
184796;1;65;22/06/2025;5102;CLIENTES DIVERSOS;;48,13;0
184797;1;65;22/06/2025;5102;CLIENTES DIVERSOS;;68,27;0
184798;1;65;22/06/2025;5102;CLIENTES DIVERSOS;;85,69;0
184799;1;65;22/06/2025;5102;CLIENTES DIVERSOS;;59,32;0
184800;1;65;22/06/2025;5102;CLIENTES DIVERSOS;;8,47;0
184801;1;65;22/06/2025;5102;CLIENTES DIVERSOS;;104,19;0
184802;1;65;22/06/2025;5102;CLIENTES DIVERSOS;;95,84;0
184803;1;65;23/06/2025;5102;CLIENTES DIVERSOS;;13,44;0
184804;1;65;23/06/2025;5102;CLIENTES DIVERSOS;;68,11;0
184805;1;65;23/06/2025;5102;CLIENTES DIVERSOS;;35,92;0
184806;1;65;23/06/2025;5102;CLIENTES DIVERSOS;;30,73;0
184807;1;65;23/06/2025;5102;CLIENTES DIVERSOS;;13,98;0
184808;1;65;23/06/2025;5102;CLIENTES DIVERSOS;;75,26;0
184809;1;65;23/06/2025;5102;CLIENTES DIVERSOS;;119,5;0
184810;1;65;23/06/2025;5102;CLIENTES DIVERSOS;;61,95;0
184811;1;65;23/06/2025;5102;CLIENTES DIVERSOS;;23,6;0
184812;1;65;23/06/2025;5102;CLIENTES DIVERSOS;;129,57;0
184813;1;65;23/06/2025;5102;CLIENTES DIVERSOS;;48,29;0
184814;1;65;23/06/2025;5102;CLIENTES DIVERSOS;;167,84;0
184815;1;65;23/06/2025;5102;CLIENTES DIVERSOS;;10,99;0
184816;1;65;23/06/2025;5102;CLIENTES DIVERSOS;;258,17;0
184817;1;65;23/06/2025;5102;CLIENTES DIVERSOS;;38,61;0
184818;1;65;23/06/2025;5102;CLIENTES DIVERSOS;;65,56;0
184819;1;65;23/06/2025;5102;CLIENTES DIVERSOS;;25,85;0
184820;1;65;23/06/2025;5102;CLIENTES DIVERSOS;;36,09;0
184821;1;65;23/06/2025;5102;CLIENTES DIVERSOS;;19,84;0
184822;1;65;23/06/2025;5102;CLIENTES DIVERSOS;;180,7;0
184823;1;65;23/06/2025;5102;CLIENTES DIVERSOS;;64,85;0
184824;1;65;23/06/2025;5102;CLIENTES DIVERSOS;;105,87;0
184825;1;65;23/06/2025;5102;CLIENTES DIVERSOS;;65,25;0
184826;1;65;23/06/2025;5102;CLIENTES DIVERSOS;;30,37;0
184827;1;65;23/06/2025;5102;CLIENTES DIVERSOS;;34,96;0
184828;1;65;24/06/2025;5102;CLIENTES DIVERSOS;;13;0
184829;1;65;24/06/2025;5102;CLIENTES DIVERSOS;;116,44;0
184830;1;65;24/06/2025;5102;CLIENTES DIVERSOS;;6,99;0
184831;1;65;24/06/2025;5102;CLIENTES DIVERSOS;;113,64;0
184832;1;65;24/06/2025;5102;CLIENTES DIVERSOS;;120,31;0
184833;1;65;24/06/2025;5102;CLIENTES DIVERSOS;;139,69;0
184834;1;65;24/06/2025;5102;CLIENTES DIVERSOS;;370,06;0
184835;1;65;24/06/2025;5102;CLIENTES DIVERSOS;;19,99;0
184836;1;65;24/06/2025;5102;CLIENTES DIVERSOS;;10,99;0
184837;1;65;24/06/2025;5102;CLIENTES DIVERSOS;;20,38;0
184838;1;65;24/06/2025;5102;CLIENTES DIVERSOS;;12,99;0
184839;1;65;24/06/2025;5102;CLIENTES DIVERSOS;;25,09;0
184840;1;65;24/06/2025;5102;CLIENTES DIVERSOS;;99,31;0
184841;1;65;24/06/2025;5102;CLIENTES DIVERSOS;;12,38;0
184842;1;65;24/06/2025;5102;CLIENTES DIVERSOS;;53,97;0
184843;1;65;24/06/2025;5102;CLIENTES DIVERSOS;;61,48;0
184844;1;65;24/06/2025;5102;CLIENTES DIVERSOS;;39,93;0
184845;1;65;24/06/2025;5102;CLIENTES DIVERSOS;;75,48;0
184846;1;65;24/06/2025;5102;CLIENTES DIVERSOS;;36,28;0
184847;1;65;24/06/2025;5102;CLIENTES DIVERSOS;;77,57;0
184848;1;65;24/06/2025;5102;CLIENTES DIVERSOS;;61,31;0
184849;1;65;24/06/2025;5102;CLIENTES DIVERSOS;;9,74;0
184850;1;65;24/06/2025;5102;CLIENTES DIVERSOS;;45,87;0
184851;1;65;24/06/2025;5102;CLIENTES DIVERSOS;;119,96;0
184852;1;65;24/06/2025;5102;CLIENTES DIVERSOS;;43,02;0
184853;1;65;24/06/2025;5102;CLIENTES DIVERSOS;;51,91;0
184854;1;65;25/06/2025;5102;CLIENTES DIVERSOS;;90,32;0
184855;1;65;25/06/2025;5102;CLIENTES DIVERSOS;;85,23;0
184856;1;65;25/06/2025;5102;CLIENTES DIVERSOS;;26;0
184857;1;65;25/06/2025;5102;CLIENTES DIVERSOS;;35,37;0
184858;1;65;25/06/2025;5102;CLIENTES DIVERSOS;;43,34;0
184859;1;65;25/06/2025;5102;CLIENTES DIVERSOS;;11,49;0
184860;1;65;25/06/2025;5102;CLIENTES DIVERSOS;;43,06;0
184861;1;65;25/06/2025;5102;CLIENTES DIVERSOS;;101,23;0
184862;1;65;25/06/2025;5102;CLIENTES DIVERSOS;;5,07;0
184863;1;65;25/06/2025;5102;CLIENTES DIVERSOS;;6,99;0
184864;1;65;25/06/2025;5102;CLIENTES DIVERSOS;;15,15;0
184865;1;65;25/06/2025;5102;CLIENTES DIVERSOS;;86,61;0
184866;1;65;25/06/2025;5102;CLIENTES DIVERSOS;;22,86;0
184867;1;65;25/06/2025;5102;CLIENTES DIVERSOS;;19,97;0
184868;1;65;25/06/2025;5102;CLIENTES DIVERSOS;;79,85;0
184869;1;65;25/06/2025;5102;CLIENTES DIVERSOS;;147,73;0
184870;1;65;25/06/2025;5102;CLIENTES DIVERSOS;;347,91;0
184871;1;65;25/06/2025;5102;CLIENTES DIVERSOS;;29,97;0
184872;1;65;25/06/2025;5102;CLIENTES DIVERSOS;;138,67;0
184873;1;65;25/06/2025;5102;CLIENTES DIVERSOS;;51,23;0
184874;1;65;25/06/2025;5102;CLIENTES DIVERSOS;;53,15;0
184875;1;65;25/06/2025;5102;CLIENTES DIVERSOS;;18,74;0
184876;1;65;25/06/2025;5102;CLIENTES DIVERSOS;;6,73;0
184877;1;65;25/06/2025;5102;CLIENTES DIVERSOS;;65,83;0
184878;1;65;25/06/2025;5102;CLIENTES DIVERSOS;;43,17;0
184879;1;65;25/06/2025;5102;CLIENTES DIVERSOS;;49,58;0
184880;1;65;25/06/2025;5102;CLIENTES DIVERSOS;;58,74;0
184881;1;65;25/06/2025;5102;CLIENTES DIVERSOS;;67,92;0
184882;1;65;25/06/2025;5102;CLIENTES DIVERSOS;;122,93;0
184883;1;65;25/06/2025;5102;CLIENTES DIVERSOS;;216,37;0
184884;1;65;25/06/2025;5102;CLIENTES DIVERSOS;;108,09;0
184885;1;65;25/06/2025;5102;CLIENTES DIVERSOS;;36,11;0
184886;1;65;25/06/2025;5102;CLIENTES DIVERSOS;;41,98;0
184887;1;65;25/06/2025;5102;CLIENTES DIVERSOS;;66,76;0
184888;1;65;25/06/2025;5102;CLIENTES DIVERSOS;;65,34;0
184889;1;65;25/06/2025;5102;CLIENTES DIVERSOS;;7,75;0
184890;1;65;25/06/2025;5102;CLIENTES DIVERSOS;;35;0
184891;1;65;25/06/2025;5102;CLIENTES DIVERSOS;;21,24;0
184892;1;65;25/06/2025;5102;CLIENTES DIVERSOS;;175,93;0
184893;1;65;25/06/2025;5102;CLIENTES DIVERSOS;;36,8;0
184894;1;65;25/06/2025;5102;CLIENTES DIVERSOS;;110,41;0
184895;1;65;25/06/2025;5102;CLIENTES DIVERSOS;;29,29;0
184896;1;65;26/06/2025;5102;CLIENTES DIVERSOS;;27,49;0
184897;1;65;26/06/2025;5102;CLIENTES DIVERSOS;;11;0
184898;1;65;26/06/2025;5102;CLIENTES DIVERSOS;;5,15;0
184899;1;65;26/06/2025;5102;CLIENTES DIVERSOS;;18,9;0
184900;1;65;26/06/2025;5102;CLIENTES DIVERSOS;;53,55;0
184901;1;65;26/06/2025;5102;CLIENTES DIVERSOS;;104,33;0
184902;1;65;26/06/2025;5102;CLIENTES DIVERSOS;;22,9;0
184903;1;65;26/06/2025;5102;CLIENTES DIVERSOS;;355,43;0
184904;1;65;26/06/2025;5102;CLIENTES DIVERSOS;;88,32;0
184905;1;65;26/06/2025;5102;CLIENTES DIVERSOS;;158,78;0
184906;1;65;26/06/2025;5102;CLIENTES DIVERSOS;;68,43;0
184907;1;65;26/06/2025;5102;CLIENTES DIVERSOS;;154,67;0
184908;1;65;26/06/2025;5102;CLIENTES DIVERSOS;;10,97;0
184909;1;65;26/06/2025;5102;CLIENTES DIVERSOS;;56,98;0
184910;1;65;26/06/2025;5102;CLIENTES DIVERSOS;;16,5;0
184911;1;65;26/06/2025;5102;CLIENTES DIVERSOS;;221,94;0
184912;1;65;26/06/2025;5102;CLIENTES DIVERSOS;;92,28;0
184913;1;65;26/06/2025;5102;CLIENTES DIVERSOS;;30,53;0
184914;1;65;26/06/2025;5102;CLIENTES DIVERSOS;;58,38;0
184915;1;65;26/06/2025;5102;CLIENTES DIVERSOS;;286,3;0
184916;1;65;26/06/2025;5102;CLIENTES DIVERSOS;;227,42;0
184917;1;65;26/06/2025;5102;CLIENTES DIVERSOS;;30,34;0
184918;1;65;26/06/2025;5102;CLIENTES DIVERSOS;;91,41;0
184919;1;65;26/06/2025;5102;CLIENTES DIVERSOS;;68,61;0
184920;1;65;26/06/2025;5102;CLIENTES DIVERSOS;;85,91;0
184921;1;65;26/06/2025;5102;CLIENTES DIVERSOS;;50,39;0
184922;1;65;26/06/2025;5102;CLIENTES DIVERSOS;;148,64;0
184923;1;65;26/06/2025;5102;CLIENTES DIVERSOS;;17,61;0
184924;1;65;26/06/2025;5102;CLIENTES DIVERSOS;;145,19;0
184925;1;65;26/06/2025;5102;CLIENTES DIVERSOS;;183,44;0
184926;1;65;26/06/2025;5102;CLIENTES DIVERSOS;;59,55;0
184927;1;65;27/06/2025;5102;CLIENTES DIVERSOS;;22,09;0
184928;1;65;27/06/2025;5102;CLIENTES DIVERSOS;;22,02;0
184929;1;65;27/06/2025;5102;CLIENTES DIVERSOS;;44,28;0
184930;1;65;27/06/2025;5102;CLIENTES DIVERSOS;;36,55;0
184931;1;65;27/06/2025;5102;CLIENTES DIVERSOS;;169,2;0
184932;1;65;27/06/2025;5102;CLIENTES DIVERSOS;;54,79;0
184933;1;65;27/06/2025;5102;CLIENTES DIVERSOS;;133,85;0
184934;1;65;27/06/2025;5102;CLIENTES DIVERSOS;;59,21;0
184935;1;65;27/06/2025;5102;CLIENTES DIVERSOS;;87,61;0
184936;1;65;27/06/2025;5102;CLIENTES DIVERSOS;;71,88;0
184937;1;65;27/06/2025;5102;CLIENTES DIVERSOS;;16,96;0
184938;1;65;27/06/2025;5102;CLIENTES DIVERSOS;;299,55;0
184939;1;65;27/06/2025;5102;CLIENTES DIVERSOS;;25,68;0
184940;1;65;27/06/2025;5102;CLIENTES DIVERSOS;;171,79;0
184941;1;65;27/06/2025;5102;CLIENTES DIVERSOS;;82,99;0
184942;1;65;27/06/2025;5102;CLIENTES DIVERSOS;;9,49;0
184943;1;65;27/06/2025;5102;CLIENTES DIVERSOS;;78,76;0
184944;1;65;27/06/2025;5102;CLIENTES DIVERSOS;;30,6;0
184945;1;65;28/06/2025;5102;CLIENTES DIVERSOS;;13,5;0
184946;1;65;28/06/2025;5102;CLIENTES DIVERSOS;;161,5;0
184947;1;65;28/06/2025;5102;CLIENTES DIVERSOS;;61,03;0
184948;1;65;28/06/2025;5102;CLIENTES DIVERSOS;;56,61;0
184949;1;65;28/06/2025;5102;CLIENTES DIVERSOS;;59,92;0
184950;1;65;28/06/2025;5102;CLIENTES DIVERSOS;;182,76;0
184951;1;65;28/06/2025;5102;CLIENTES DIVERSOS;;194,11;0
184952;1;65;28/06/2025;5102;CLIENTES DIVERSOS;;132,9;0
184953;1;65;28/06/2025;5102;CLIENTES DIVERSOS;;44,49;0
184954;1;65;28/06/2025;5102;CLIENTES DIVERSOS;;100,86;0
184955;1;65;28/06/2025;5102;CLIENTES DIVERSOS;;29,74;0
184956;1;65;28/06/2025;5102;CLIENTES DIVERSOS;;13,38;0
184957;1;65;29/06/2025;5102;CLIENTES DIVERSOS;;12,83;0
184958;1;65;29/06/2025;5102;CLIENTES DIVERSOS;;35,19;0
184959;1;65;29/06/2025;5102;CLIENTES DIVERSOS;;108,02;0
184960;1;65;29/06/2025;5102;CLIENTES DIVERSOS;;20,64;0
184961;1;65;29/06/2025;5102;CLIENTES DIVERSOS;;57,29;0
184962;1;65;29/06/2025;5102;CLIENTES DIVERSOS;;95,74;0
184963;1;65;29/06/2025;5102;CLIENTES DIVERSOS;;184,71;0
184964;1;65;29/06/2025;5102;CLIENTES DIVERSOS;;66,23;0
184965;1;65;29/06/2025;5102;CLIENTES DIVERSOS;;188,67;0
184966;1;65;29/06/2025;5102;CLIENTES DIVERSOS;;61,79;0
184967;1;65;29/06/2025;5102;CLIENTES DIVERSOS;;79,76;0
184968;1;65;29/06/2025;5102;CLIENTES DIVERSOS;;35,07;0
184969;1;65;29/06/2025;5102;CLIENTES DIVERSOS;;17,07;0
184970;1;65;29/06/2025;5102;CLIENTES DIVERSOS;;25,62;0
184971;1;65;29/06/2025;5102;CLIENTES DIVERSOS;;93,69;0
184972;1;65;29/06/2025;5102;CLIENTES DIVERSOS;;26,19;0
184973;1;65;29/06/2025;5102;CLIENTES DIVERSOS;;45,48;0
184974;1;65;29/06/2025;5102;CLIENTES DIVERSOS;;116,88;0
184975;1;65;29/06/2025;5102;CLIENTES DIVERSOS;;50,96;0
184976;1;65;29/06/2025;5102;CLIENTES DIVERSOS;;15,74;0
184977;1;65;29/06/2025;5102;CLIENTES DIVERSOS;;16,58;0
184978;1;65;29/06/2025;5102;CLIENTES DIVERSOS;;37,5;0
184979;1;65;29/06/2025;5102;CLIENTES DIVERSOS;;187,33;0
184980;1;65;30/06/2025;5102;CLIENTES DIVERSOS;;52,92;0
184981;1;65;30/06/2025;5102;CLIENTES DIVERSOS;;34,75;0
184982;1;65;30/06/2025;5102;CLIENTES DIVERSOS;;36,32;0
184983;1;65;30/06/2025;5102;CLIENTES DIVERSOS;;34,5;0
184984;1;65;30/06/2025;5102;CLIENTES DIVERSOS;;49,34;0
184985;1;65;30/06/2025;5102;CLIENTES DIVERSOS;;20,09;0
184986;1;65;30/06/2025;5102;CLIENTES DIVERSOS;;13,98;0
184987;1;65;30/06/2025;5102;CLIENTES DIVERSOS;;52,43;0
184988;1;65;30/06/2025;5102;CLIENTES DIVERSOS;;87,81;0
184989;1;65;30/06/2025;5102;CLIENTES DIVERSOS;;47,25;0
184990;1;65;30/06/2025;5102;CLIENTES DIVERSOS;;47,98;0
184991;1;65;30/06/2025;5102;CLIENTES DIVERSOS;;51,3;0
184992;1;65;30/06/2025;5102;CLIENTES DIVERSOS;;157,05;0
184993;1;65;30/06/2025;5102;CLIENTES DIVERSOS;;25,38;0
184994;1;65;30/06/2025;5102;CLIENTES DIVERSOS;;49,3;0
184995;1;65;30/06/2025;5102;CLIENTES DIVERSOS;;66,81;0
184996;1;65;30/06/2025;5102;CLIENTES DIVERSOS;;167,78;0
184997;1;65;30/06/2025;5102;CLIENTES DIVERSOS;;206,7;0
184998;1;65;30/06/2025;5102;CLIENTES DIVERSOS;;135,16;0
184999;1;65;30/06/2025;5102;CLIENTES DIVERSOS;;45,68;0
185000;1;65;30/06/2025;5102;CLIENTES DIVERSOS;;188,82;0
185001;1;65;30/06/2025;5102;CLIENTES DIVERSOS;;6,6;0
185002;1;65;30/06/2025;5102;CLIENTES DIVERSOS;;9,45;0
185003;1;65;30/06/2025;5102;CLIENTES DIVERSOS;;13,48;0
185004;1;65;30/06/2025;5102;CLIENTES DIVERSOS;;30,64;0
185005;1;65;30/06/2025;5102;CLIENTES DIVERSOS;;42,45;0
185006;1;65;30/06/2025;5102;CLIENTES DIVERSOS;;16,5;0
185007;1;65;30/06/2025;5102;CLIENTES DIVERSOS;;22,74;0
185008;1;65;30/06/2025;5102;CLIENTES DIVERSOS;;48,38;0
;;;;;;;55.986,51;0
