NF Número;Série;Mod;Data;CFOP;;Cliente;;Total Nota;ICMS
183350;1;65;01/05/2025;5102;;CLIENTES DIVERSOS;;109,03;0
183351;1;65;01/05/2025;5102;;CLIENTES DIVERSOS;;73,43;0
183352;1;65;01/05/2025;5102;;CLIENTES DIVERSOS;;238,56;0
183353;1;65;01/05/2025;5102;;CLIENTES DIVERSOS;;21,89;0
183354;1;65;01/05/2025;5102;;CLIENTES DIVERSOS;;10,45;0
183355;1;65;01/05/2025;5102;;CLIENTES DIVERSOS;;112,85;0
183356;1;65;01/05/2025;5102;;CLIENTES DIVERSOS;;164,59;0
183357;1;65;01/05/2025;5102;;CLIENTES DIVERSOS;;25,59;0
183358;1;65;01/05/2025;5102;;CLIENTES DIVERSOS;;38,52;0
183359;1;65;01/05/2025;5102;;CLIENTES DIVERSOS;;56,99;0
183360;1;65;01/05/2025;5102;;CLIENTES DIVERSOS;;72,54;0
183361;1;65;01/05/2025;5102;;CLIENTES DIVERSOS;;14,94;0
183362;1;65;01/05/2025;5102;;CLIENTES DIVERSOS;;139,13;0
183363;1;65;01/05/2025;5102;;CLIENTES DIVERSOS;;287,3;0
183364;1;65;01/05/2025;5102;;CLIENTES DIVERSOS;;94,79;0
183365;1;65;01/05/2025;5102;;CLIENTES DIVERSOS;;104,01;0
183366;1;65;01/05/2025;5102;;CLIENTES DIVERSOS;;13,8;0
183367;1;65;01/05/2025;5102;;CLIENTES DIVERSOS;;30,45;0
183368;1;65;01/05/2025;5102;;CLIENTES DIVERSOS;;28,42;0
183369;1;65;01/05/2025;5102;;CLIENTES DIVERSOS;;82,85;0
183370;1;65;01/05/2025;5102;;CLIENTES DIVERSOS;;5,74;0
183371;1;65;01/05/2025;5102;;CLIENTES DIVERSOS;;74,87;0
183372;1;65;01/05/2025;5102;;CLIENTES DIVERSOS;;28,98;0
183373;1;65;01/05/2025;5102;;CLIENTES DIVERSOS;;43,73;0
183374;1;65;01/05/2025;5102;;CLIENTES DIVERSOS;;440,67;0
183375;1;65;01/05/2025;5102;;CLIENTES DIVERSOS;;53,68;0
183376;1;65;01/05/2025;5102;;CLIENTES DIVERSOS;;74,87;0
183377;1;65;01/05/2025;5102;;CLIENTES DIVERSOS;;5,4;0
183378;1;65;01/05/2025;5102;;CLIENTES DIVERSOS;;55,43;0
183379;1;65;02/05/2025;5102;;CLIENTES DIVERSOS;;9,29;0
183380;1;65;02/05/2025;5102;;CLIENTES DIVERSOS;;22,99;0
183381;1;65;02/05/2025;5102;;CLIENTES DIVERSOS;;41,74;0
183382;1;65;02/05/2025;5102;;CLIENTES DIVERSOS;;66,3;0
183383;1;65;02/05/2025;5102;;CLIENTES DIVERSOS;;130,23;0
183384;1;65;02/05/2025;5102;;CLIENTES DIVERSOS;;55,89;0
183385;1;65;02/05/2025;5102;;CLIENTES DIVERSOS;;139,42;0
183386;1;65;02/05/2025;5102;;CLIENTES DIVERSOS;;117,72;0
183387;1;65;02/05/2025;5102;;CLIENTES DIVERSOS;;200,1;0
183388;1;65;02/05/2025;5102;;CLIENTES DIVERSOS;;16,55;0
183389;1;65;02/05/2025;5102;;CLIENTES DIVERSOS;;224,89;0
183390;1;65;02/05/2025;5102;;CLIENTES DIVERSOS;;56,75;0
183391;1;65;02/05/2025;5102;;CLIENTES DIVERSOS;;1.219,99;0
183392;1;65;02/05/2025;5102;;CLIENTES DIVERSOS;;19,99;0
183393;1;65;02/05/2025;5102;;CLIENTES DIVERSOS;;128,53;0
183394;1;65;02/05/2025;5102;;CLIENTES DIVERSOS;;10,15;0
183395;1;65;02/05/2025;5102;;CLIENTES DIVERSOS;;10,14;0
183396;1;65;02/05/2025;5102;;CLIENTES DIVERSOS;;244,69;0
183397;1;65;02/05/2025;5102;;CLIENTES DIVERSOS;;36,32;0
183398;1;65;02/05/2025;5102;;CLIENTES DIVERSOS;;82,12;0
183399;1;65;02/05/2025;5102;;CLIENTES DIVERSOS;;244,09;0
183400;1;65;02/05/2025;5102;;CLIENTES DIVERSOS;;112,14;0
183401;1;65;02/05/2025;5102;;CLIENTES DIVERSOS;;46,43;0
183402;1;65;02/05/2025;5102;;CLIENTES DIVERSOS;;14,23;0
183403;1;65;02/05/2025;5102;;CLIENTES DIVERSOS;;12,37;0
183404;1;65;02/05/2025;5102;;CLIENTES DIVERSOS;;5,7;0
183405;1;65;02/05/2025;5102;;CLIENTES DIVERSOS;;16,26;0
183406;1;65;03/05/2025;5102;;CLIENTES DIVERSOS;;13,95;0
183407;1;65;03/05/2025;5102;;CLIENTES DIVERSOS;;10,43;0
183408;1;65;03/05/2025;5102;;CLIENTES DIVERSOS;;76,01;0
183409;1;65;03/05/2025;5102;;CLIENTES DIVERSOS;;18,49;0
183410;1;65;03/05/2025;5102;;CLIENTES DIVERSOS;;149,45;0
183411;1;65;03/05/2025;5102;;CLIENTES DIVERSOS;;34,57;0
183412;1;65;03/05/2025;5102;;CLIENTES DIVERSOS;;18,04;0
183413;1;65;03/05/2025;5102;;CLIENTES DIVERSOS;;186,46;0
183414;1;65;03/05/2025;5102;;CLIENTES DIVERSOS;;202,09;0
183415;1;65;03/05/2025;5102;;CLIENTES DIVERSOS;;115,91;0
183416;1;65;03/05/2025;5102;;CLIENTES DIVERSOS;;26,49;0
183417;1;65;03/05/2025;5102;;CLIENTES DIVERSOS;;37,73;0
183418;1;65;03/05/2025;5102;;CLIENTES DIVERSOS;;63,99;0
183419;1;65;03/05/2025;5102;;CLIENTES DIVERSOS;;33,72;0
183420;1;65;03/05/2025;5102;;CLIENTES DIVERSOS;;43,54;0
183421;1;65;03/05/2025;5102;;CLIENTES DIVERSOS;;95,44;0
183422;1;65;03/05/2025;5102;;CLIENTES DIVERSOS;;45,65;0
183423;1;65;03/05/2025;5102;;CLIENTES DIVERSOS;;54,29;0
183424;1;65;03/05/2025;5102;;CLIENTES DIVERSOS;;55,51;0
183425;1;65;03/05/2025;5102;;CLIENTES DIVERSOS;;27,98;0
183426;1;65;03/05/2025;5102;;CLIENTES DIVERSOS;;9,74;0
183427;1;65;03/05/2025;5102;;CLIENTES DIVERSOS;;31,78;0
183428;1;65;03/05/2025;5102;;CLIENTES DIVERSOS;;142,13;0
183429;1;65;03/05/2025;5102;;CLIENTES DIVERSOS;;69,36;0
183430;1;65;03/05/2025;5102;;CLIENTES DIVERSOS;;107,52;0
183431;1;65;03/05/2025;5102;;CLIENTES DIVERSOS;;153,31;0
183432;1;65;03/05/2025;5102;;CLIENTES DIVERSOS;;146,15;0
183433;1;65;03/05/2025;5102;;CLIENTES DIVERSOS;;157,68;0
183434;1;65;03/05/2025;5102;;CLIENTES DIVERSOS;;45,97;0
183435;1;65;03/05/2025;5102;;CLIENTES DIVERSOS;;40,54;0
183436;1;65;03/05/2025;5102;;CLIENTES DIVERSOS;;86,82;0
183437;1;65;03/05/2025;5102;;CLIENTES DIVERSOS;;35,83;0
183438;1;65;03/05/2025;5102;;CLIENTES DIVERSOS;;57,65;0
183439;1;65;03/05/2025;5102;;CLIENTES DIVERSOS;;14,54;0
183440;1;65;04/05/2025;5102;;CLIENTES DIVERSOS;;11,36;0
183441;1;65;04/05/2025;5102;;CLIENTES DIVERSOS;;198,53;0
183442;1;65;04/05/2025;5102;;CLIENTES DIVERSOS;;98,48;0
183443;1;65;05/05/2025;5102;;CLIENTES DIVERSOS;;14;0
183444;1;65;05/05/2025;5102;;CLIENTES DIVERSOS;;27,2;0
183445;1;65;05/05/2025;5102;;PISCINA AZUL COMERCIO DE PISCINAS EIRELE;;59,69;0
183446;1;65;05/05/2025;5102;;CLIENTES DIVERSOS;;216,13;0
183447;1;65;05/05/2025;5102;;CLIENTES DIVERSOS;;78,26;0
183448;1;65;05/05/2025;5102;;CLIENTES DIVERSOS;;49,47;0
183449;1;65;05/05/2025;5102;;CLIENTES DIVERSOS;;54,68;0
183450;1;65;05/05/2025;5102;;CLIENTES DIVERSOS;;84,15;0
183451;1;65;05/05/2025;5102;;CLIENTES DIVERSOS;;66,86;0
183452;1;65;05/05/2025;5102;;CLIENTES DIVERSOS;;30,71;0
183453;1;65;05/05/2025;5102;;CLIENTES DIVERSOS;;31,62;0
183454;1;65;05/05/2025;5102;;CLIENTES DIVERSOS;;56,88;0
183455;1;65;05/05/2025;5102;;CLIENTES DIVERSOS;;47,85;0
183456;1;65;05/05/2025;5102;;CLIENTES DIVERSOS;;107,48;0
183457;1;65;05/05/2025;5102;;CLIENTES DIVERSOS;;100,12;0
183458;1;65;05/05/2025;5102;;CLIENTES DIVERSOS;;16,17;0
183459;1;65;05/05/2025;5102;;CLIENTES DIVERSOS;;22,38;0
183460;1;65;05/05/2025;5102;;CLIENTES DIVERSOS;;76,09;0
183461;1;65;05/05/2025;5102;;CLIENTES DIVERSOS;;1,5;0
183462;1;65;05/05/2025;5102;;CLIENTES DIVERSOS;;1,5;0
183463;1;65;05/05/2025;5102;;CLIENTES DIVERSOS;;0,6;0
183464;1;65;05/05/2025;5102;;CLIENTES DIVERSOS;;161,28;0
183465;1;65;05/05/2025;5102;;CLIENTES DIVERSOS;;31,97;0
183466;1;65;05/05/2025;5102;;CLIENTES DIVERSOS;;87,48;0
183467;1;65;05/05/2025;5102;;CLIENTES DIVERSOS;;74,05;0
183468;1;65;05/05/2025;5102;;CLIENTES DIVERSOS;;25,27;0
183469;1;65;06/05/2025;5102;;CLIENTES DIVERSOS;;7,59;0
183470;1;65;06/05/2025;5102;;CLIENTES DIVERSOS;;12,89;0
183471;1;65;06/05/2025;5102;;CLIENTES DIVERSOS;;32,82;0
183472;1;65;06/05/2025;5102;;CLIENTES DIVERSOS;;24,74;0
183473;1;65;06/05/2025;5102;;CLIENTES DIVERSOS;;20,89;0
183474;1;65;06/05/2025;5102;;CLIENTES DIVERSOS;;25,25;0
183475;1;65;06/05/2025;5102;;CLIENTES DIVERSOS;;118,72;0
183476;1;65;06/05/2025;5102;;CLIENTES DIVERSOS;;26,07;0
183477;1;65;06/05/2025;5102;;CLIENTES DIVERSOS;;28,07;0
183478;1;65;06/05/2025;5102;;CLIENTES DIVERSOS;;11,24;0
183479;1;65;06/05/2025;5102;;CLIENTES DIVERSOS;;12,69;0
183480;1;65;06/05/2025;5102;;CLIENTES DIVERSOS;;49,23;0
183481;1;65;06/05/2025;5102;;CLIENTES DIVERSOS;;117,05;0
183482;1;65;06/05/2025;5102;;CLIENTES DIVERSOS;;33,68;0
183483;1;65;06/05/2025;5102;;CLIENTES DIVERSOS;;59,43;0
183484;1;65;06/05/2025;5102;;CLIENTES DIVERSOS;;76,5;0
183485;1;65;06/05/2025;5102;;CLIENTES DIVERSOS;;66,97;0
183486;1;65;06/05/2025;5102;;CLIENTES DIVERSOS;;109,92;0
183487;1;65;06/05/2025;5102;;CLIENTES DIVERSOS;;82,52;0
183488;1;65;06/05/2025;5102;;CLIENTES DIVERSOS;;29,68;0
183489;1;65;06/05/2025;5102;;CLIENTES DIVERSOS;;11,98;0
183490;1;65;06/05/2025;5102;;CLIENTES DIVERSOS;;43,29;0
183491;1;65;06/05/2025;5102;;CLIENTES DIVERSOS;;78,53;0
183492;1;65;06/05/2025;5102;;CLIENTES DIVERSOS;;165,86;0
183493;1;65;06/05/2025;5102;;CLIENTES DIVERSOS;;59,83;0
183494;1;65;06/05/2025;5102;;CLIENTES DIVERSOS;;41,78;0
183495;1;65;06/05/2025;5102;;CLIENTES DIVERSOS;;41,97;0
183496;1;65;06/05/2025;5102;;CLIENTES DIVERSOS;;99,89;0
183497;1;65;06/05/2025;5102;;CLIENTES DIVERSOS;;60,71;0
183498;1;65;06/05/2025;5102;;CLIENTES DIVERSOS;;216,9;0
183499;1;65;06/05/2025;5102;;CLIENTES DIVERSOS;;15,28;0
183500;1;65;06/05/2025;5102;;CLIENTES DIVERSOS;;160,01;0
183501;1;65;06/05/2025;5102;;CLIENTES DIVERSOS;;155,33;0
183502;1;65;06/05/2025;5102;;CLIENTES DIVERSOS;;195,76;0
183503;1;65;06/05/2025;5102;;CLIENTES DIVERSOS;;30,01;0
183504;1;65;07/05/2025;5102;;CLIENTES DIVERSOS;;26,47;0
183505;1;65;07/05/2025;5102;;CLIENTES DIVERSOS;;24,19;0
183506;1;65;07/05/2025;5102;;CLIENTES DIVERSOS;;12,67;0
183507;1;65;07/05/2025;5102;;CLIENTES DIVERSOS;;142,24;0
183508;1;65;07/05/2025;5102;;CLIENTES DIVERSOS;;75,6;0
183509;1;65;07/05/2025;5102;;CLIENTES DIVERSOS;;76,54;0
183510;1;65;07/05/2025;5102;;CLIENTES DIVERSOS;;68,06;0
183511;1;65;07/05/2025;5102;;CLIENTES DIVERSOS;;14,04;0
183512;1;65;07/05/2025;5102;;CLIENTES DIVERSOS;;56,24;0
183513;1;65;07/05/2025;5102;;CLIENTES DIVERSOS;;23,53;0
183514;1;65;07/05/2025;5102;;CLIENTES DIVERSOS;;3,53;0
183515;1;65;07/05/2025;5102;;CLIENTES DIVERSOS;;295,04;0
183516;1;65;07/05/2025;5102;;CLIENTES DIVERSOS;;5,98;0
183517;1;65;07/05/2025;5102;;CLIENTES DIVERSOS;;132,48;0
183518;1;65;07/05/2025;5102;;CLIENTES DIVERSOS;;132,53;0
183519;1;65;07/05/2025;5102;;CLIENTES DIVERSOS;;1;0
183520;1;65;07/05/2025;5102;;CLIENTES DIVERSOS;;41;0
183521;1;65;07/05/2025;5102;;CLIENTES DIVERSOS;;45,88;0
183522;1;65;07/05/2025;5102;;CLIENTES DIVERSOS;;122,63;0
183523;1;65;07/05/2025;5102;;CLIENTES DIVERSOS;;75,8;0
183524;1;65;07/05/2025;5102;;CLIENTES DIVERSOS;;125,23;0
183525;1;65;07/05/2025;5102;;CLIENTES DIVERSOS;;14,99;0
183526;1;65;07/05/2025;5102;;CLIENTES DIVERSOS;;117,7;0
183527;1;65;07/05/2025;5102;;CLIENTES DIVERSOS;;19,88;0
183528;1;65;07/05/2025;5102;;CLIENTES DIVERSOS;;47,17;0
183529;1;65;07/05/2025;5102;;CLIENTES DIVERSOS;;47,78;0
183530;1;65;07/05/2025;5102;;CLIENTES DIVERSOS;;3,79;0
183531;1;65;07/05/2025;5102;;CLIENTES DIVERSOS;;13,6;0
183532;1;65;07/05/2025;5102;;CLIENTES DIVERSOS;;18,2;0
183533;1;65;07/05/2025;5102;;CLIENTES DIVERSOS;;15,49;0
183534;1;65;07/05/2025;5102;;CLIENTES DIVERSOS;;82,76;0
183535;1;65;07/05/2025;5102;;CLIENTES DIVERSOS;;42,28;0
183536;1;65;07/05/2025;5102;;CLIENTES DIVERSOS;;44,78;0
183537;1;65;07/05/2025;5102;;CLIENTES DIVERSOS;;48,67;0
183538;1;65;08/05/2025;5102;;CLIENTES DIVERSOS;;28,99;0
183539;1;65;08/05/2025;5102;;CLIENTES DIVERSOS;;20,63;0
183540;1;65;08/05/2025;5102;;CLIENTES DIVERSOS;;75,69;0
183541;1;65;08/05/2025;5102;;CLIENTES DIVERSOS;;425,27;0
183542;1;65;08/05/2025;5102;;CLIENTES DIVERSOS;;6,25;0
183543;1;65;08/05/2025;5102;;CLIENTES DIVERSOS;;275,27;0
183544;1;65;08/05/2025;5102;;CLIENTES DIVERSOS;;31,99;0
183545;1;65;08/05/2025;5102;;CLIENTES DIVERSOS;;249,79;0
183546;1;65;08/05/2025;5102;;CLIENTES DIVERSOS;;42,48;0
183547;1;65;08/05/2025;5102;;CLIENTES DIVERSOS;;175,8;0
183548;1;65;08/05/2025;5102;;CLIENTES DIVERSOS;;85,02;0
183549;1;65;08/05/2025;5102;;CLIENTES DIVERSOS;;259,5;0
183550;1;65;08/05/2025;5102;;CLIENTES DIVERSOS;;210,17;0
183551;1;65;08/05/2025;5102;;CLIENTES DIVERSOS;;21,74;0
183552;1;65;08/05/2025;5102;;CLIENTES DIVERSOS;;62,2;0
183553;1;65;08/05/2025;5102;;CLIENTES DIVERSOS;;10,39;0
183554;1;65;08/05/2025;5102;;CLIENTES DIVERSOS;;59,56;0
183555;1;65;08/05/2025;5102;;CLIENTES DIVERSOS;;59,17;0
183556;1;65;08/05/2025;5102;;CLIENTES DIVERSOS;;193,19;0
183557;1;65;08/05/2025;5102;;CLIENTES DIVERSOS;;106,4;0
183558;1;65;08/05/2025;5102;;CLIENTES DIVERSOS;;114,85;0
183559;1;65;08/05/2025;5102;;CLIENTES DIVERSOS;;31;0
183560;1;65;08/05/2025;5102;;CLIENTES DIVERSOS;;10,99;0
183561;1;65;08/05/2025;5102;;CLIENTES DIVERSOS;;172,62;0
183562;1;65;08/05/2025;5102;;CLIENTES DIVERSOS;;41,86;0
183563;1;65;08/05/2025;5102;;CLIENTES DIVERSOS;;20,99;0
183564;1;65;08/05/2025;5102;;CLIENTES DIVERSOS;;37,66;0
183565;1;65;08/05/2025;5102;;CLIENTES DIVERSOS;;80,55;0
183566;1;65;08/05/2025;5102;;CLIENTES DIVERSOS;;45,99;0
183567;1;65;08/05/2025;5102;;CLIENTES DIVERSOS;;108,74;0
183568;1;65;08/05/2025;5102;;CLIENTES DIVERSOS;;53,49;0
183569;1;65;08/05/2025;5102;;CLIENTES DIVERSOS;;42,66;0
183570;1;65;08/05/2025;5102;;CLIENTES DIVERSOS;;13,56;0
183571;1;65;08/05/2025;5102;;CLIENTES DIVERSOS;;129,22;0
183572;1;65;08/05/2025;5102;;CLIENTES DIVERSOS;;102,21;0
183573;1;65;08/05/2025;5102;;CLIENTES DIVERSOS;;277,06;0
183574;1;65;08/05/2025;5102;;CLIENTES DIVERSOS;;45,63;0
183575;1;65;08/05/2025;5102;;CLIENTES DIVERSOS;;191,06;0
183576;1;65;08/05/2025;5102;;CLIENTES DIVERSOS;;102,13;0
183577;1;65;08/05/2025;5102;;CLIENTES DIVERSOS;;107,62;0
183578;1;65;08/05/2025;5102;;CLIENTES DIVERSOS;;200,02;0
183579;1;65;08/05/2025;5102;;CLIENTES DIVERSOS;;75,23;0
183580;1;65;08/05/2025;5102;;CLIENTES DIVERSOS;;75,24;0
183581;1;65;08/05/2025;5102;;CLIENTES DIVERSOS;;54,27;0
183582;1;65;08/05/2025;5102;;CLIENTES DIVERSOS;;58,91;0
183583;1;65;09/05/2025;5102;;CLIENTES DIVERSOS;;17,63;0
183584;1;65;09/05/2025;5102;;CLIENTES DIVERSOS;;4,84;0
183585;1;65;09/05/2025;5102;;CLIENTES DIVERSOS;;42,6;0
183586;1;65;09/05/2025;5102;;CLIENTES DIVERSOS;;99,33;0
183587;1;65;09/05/2025;5102;;CLIENTES DIVERSOS;;81,53;0
183588;1;65;09/05/2025;5102;;CLIENTES DIVERSOS;;87,5;0
183589;1;65;09/05/2025;5102;;CLIENTES DIVERSOS;;182,19;0
183590;1;65;09/05/2025;5102;;CLIENTES DIVERSOS;;31,62;0
183591;1;65;09/05/2025;5102;;CLIENTES DIVERSOS;;30,87;0
183592;1;65;09/05/2025;5102;;CLIENTES DIVERSOS;;63,75;0
183593;1;65;09/05/2025;5102;;CLIENTES DIVERSOS;;13,5;0
183594;1;65;09/05/2025;5102;;CLIENTES DIVERSOS;;5,69;0
183595;1;65;09/05/2025;5102;;CLIENTES DIVERSOS;;20,47;0
183596;1;65;09/05/2025;5102;;CLIENTES DIVERSOS;;14,55;0
183597;1;65;09/05/2025;5102;;CLIENTES DIVERSOS;;193,05;0
183598;1;65;09/05/2025;5102;;CLIENTES DIVERSOS;;120,15;0
183599;1;65;09/05/2025;5102;;CLIENTES DIVERSOS;;34,48;0
183600;1;65;09/05/2025;5102;;CLIENTES DIVERSOS;;32,24;0
183601;1;65;09/05/2025;5102;;CLIENTES DIVERSOS;;35,38;0
183602;1;65;09/05/2025;5102;;CLIENTES DIVERSOS;;166,79;0
183603;1;65;09/05/2025;5102;;CLIENTES DIVERSOS;;14,25;0
183604;1;65;09/05/2025;5102;;CLIENTES DIVERSOS;;117,22;0
183605;1;65;09/05/2025;5102;;CLIENTES DIVERSOS;;85;0
183606;1;65;09/05/2025;5102;;CLIENTES DIVERSOS;;52,02;0
183607;1;65;09/05/2025;5102;;CLIENTES DIVERSOS;;152,63;0
183608;1;65;09/05/2025;5102;;CLIENTES DIVERSOS;;34,41;0
183609;1;65;09/05/2025;5102;;CLIENTES DIVERSOS;;7,98;0
183610;1;65;09/05/2025;5102;;CLIENTES DIVERSOS;;185,14;0
183611;1;65;09/05/2025;5102;;CLIENTES DIVERSOS;;83,7;0
183612;1;65;10/05/2025;5102;;CLIENTES DIVERSOS;;18,55;0
183613;1;65;10/05/2025;5102;;CLIENTES DIVERSOS;;270,32;0
183614;1;65;10/05/2025;5102;;CLIENTES DIVERSOS;;112,34;0
183615;1;65;10/05/2025;5102;;CLIENTES DIVERSOS;;53,97;0
183616;1;65;10/05/2025;5102;;CLIENTES DIVERSOS;;71,6;0
183617;1;65;10/05/2025;5102;;CLIENTES DIVERSOS;;38,27;0
183618;1;65;10/05/2025;5102;;CLIENTES DIVERSOS;;170,28;0
183619;1;65;10/05/2025;5102;;CLIENTES DIVERSOS;;41,9;0
183620;1;65;10/05/2025;5102;;CLIENTES DIVERSOS;;8,2;0
183621;1;65;10/05/2025;5102;;CLIENTES DIVERSOS;;144,22;0
183622;1;65;10/05/2025;5102;;CLIENTES DIVERSOS;;211,69;0
183623;1;65;10/05/2025;5102;;CLIENTES DIVERSOS;;162,91;0
183624;1;65;10/05/2025;5102;;CLIENTES DIVERSOS;;30,66;0
183625;1;65;10/05/2025;5102;;CLIENTES DIVERSOS;;35,22;0
183626;1;65;10/05/2025;5102;;CLIENTES DIVERSOS;;71,4;0
183627;1;65;10/05/2025;5102;;CLIENTES DIVERSOS;;45,94;0
183628;1;65;10/05/2025;5102;;CLIENTES DIVERSOS;;72,48;0
183629;1;65;10/05/2025;5102;;CLIENTES DIVERSOS;;123,11;0
183630;1;65;10/05/2025;5102;;CLIENTES DIVERSOS;;139,96;0
183631;1;65;10/05/2025;5102;;CLIENTES DIVERSOS;;65,88;0
183632;1;65;10/05/2025;5102;;CLIENTES DIVERSOS;;43,98;0
183633;1;65;10/05/2025;5102;;CLIENTES DIVERSOS;;215,97;0
183634;1;65;10/05/2025;5102;;CLIENTES DIVERSOS;;14,7;0
183635;1;65;10/05/2025;5102;;CLIENTES DIVERSOS;;62,03;0
183636;1;65;10/05/2025;5102;;CLIENTES DIVERSOS;;33,47;0
183637;1;65;10/05/2025;5102;;CLIENTES DIVERSOS;;73,51;0
183638;1;65;11/05/2025;5102;;CLIENTES DIVERSOS;;88,43;0
183639;1;65;11/05/2025;5102;;CLIENTES DIVERSOS;;111,49;0
183640;1;65;11/05/2025;5102;;CLIENTES DIVERSOS;;51,47;0
183641;1;65;11/05/2025;5102;;CLIENTES DIVERSOS;;73,68;0
183642;1;65;11/05/2025;5102;;CLIENTES DIVERSOS;;91,83;0
183643;1;65;11/05/2025;5102;;CLIENTES DIVERSOS;;46,55;0
183644;1;65;11/05/2025;5102;;CLIENTES DIVERSOS;;110,74;0
183645;1;65;11/05/2025;5102;;CLIENTES DIVERSOS;;128,44;0
183646;1;65;11/05/2025;5102;;CLIENTES DIVERSOS;;111,19;0
183647;1;65;11/05/2025;5102;;CLIENTES DIVERSOS;;12,98;0
183648;1;65;11/05/2025;5102;;CLIENTES DIVERSOS;;127,57;0
183649;1;65;11/05/2025;5102;;CLIENTES DIVERSOS;;85,64;0
183650;1;65;11/05/2025;5102;;CLIENTES DIVERSOS;;288,92;0
183651;1;65;11/05/2025;5102;;CLIENTES DIVERSOS;;191,9;0
183652;1;65;11/05/2025;5102;;CLIENTES DIVERSOS;;46,82;0
183653;1;65;11/05/2025;5102;;CLIENTES DIVERSOS;;66,69;0
183654;1;65;11/05/2025;5102;;CLIENTES DIVERSOS;;251,3;0
183655;1;65;11/05/2025;5102;;CLIENTES DIVERSOS;;194,98;0
183656;1;65;11/05/2025;5102;;CLIENTES DIVERSOS;;97,34;0
183657;1;65;11/05/2025;5102;;CLIENTES DIVERSOS;;116,93;0
183658;1;65;11/05/2025;5102;;CLIENTES DIVERSOS;;178,03;0
183659;1;65;11/05/2025;5102;;CLIENTES DIVERSOS;;20,14;0
183660;1;65;11/05/2025;5102;;CLIENTES DIVERSOS;;36,3;0
183661;1;65;12/05/2025;5102;;CLIENTES DIVERSOS;;14;0
183662;1;65;12/05/2025;5102;;CLIENTES DIVERSOS;;58,42;0
183663;1;65;12/05/2025;5102;;CLIENTES DIVERSOS;;61,84;0
183664;1;65;12/05/2025;5102;;CLIENTES DIVERSOS;;13,61;0
183665;1;65;12/05/2025;5102;;CLIENTES DIVERSOS;;31,79;0
183666;1;65;12/05/2025;5102;;CLIENTES DIVERSOS;;80,38;0
183667;1;65;12/05/2025;5102;;CLIENTES DIVERSOS;;85,63;0
183668;1;65;12/05/2025;5102;;CLIENTES DIVERSOS;;34,87;0
183669;1;65;12/05/2025;5102;;CLIENTES DIVERSOS;;33,85;0
183670;1;65;12/05/2025;5102;;CLIENTES DIVERSOS;;42,71;0
183671;1;65;12/05/2025;5102;;CLIENTES DIVERSOS;;83,86;0
183672;1;65;12/05/2025;5102;;CLIENTES DIVERSOS;;128,6;0
183673;1;65;12/05/2025;5102;;CLIENTES DIVERSOS;;30,34;0
183674;1;65;12/05/2025;5102;;CLIENTES DIVERSOS;;42,23;0
183675;1;65;12/05/2025;5102;;CLIENTES DIVERSOS;;15,57;0
183676;1;65;12/05/2025;5102;;CLIENTES DIVERSOS;;41,74;0
183677;1;65;12/05/2025;5102;;CLIENTES DIVERSOS;;20,37;0
183678;1;65;12/05/2025;5102;;CLIENTES DIVERSOS;;4,58;0
183679;1;65;12/05/2025;5102;;CLIENTES DIVERSOS;;59,8;0
183680;1;65;12/05/2025;5102;;CLIENTES DIVERSOS;;56,64;0
183681;1;65;12/05/2025;5102;;CLIENTES DIVERSOS;;11,35;0
183682;1;65;12/05/2025;5102;;CLIENTES DIVERSOS;;27,7;0
183683;1;65;12/05/2025;5102;;CLIENTES DIVERSOS;;33,4;0
183684;1;65;12/05/2025;5102;;CLIENTES DIVERSOS;;419,13;0
183685;1;65;12/05/2025;5102;;CLIENTES DIVERSOS;;9,49;0
183686;1;65;12/05/2025;5102;;CLIENTES DIVERSOS;;81,65;0
183687;1;65;12/05/2025;5102;;CLIENTES DIVERSOS;;55,52;0
183688;1;65;12/05/2025;5102;;CLIENTES DIVERSOS;;76,65;0
183689;1;65;12/05/2025;5102;;CLIENTES DIVERSOS;;54,31;0
183690;1;65;12/05/2025;5102;;CLIENTES DIVERSOS;;17,55;0
183691;1;65;12/05/2025;5102;;CLIENTES DIVERSOS;;60,49;0
183692;1;65;12/05/2025;5102;;CLIENTES DIVERSOS;;34,85;0
183693;1;65;12/05/2025;5102;;CLIENTES DIVERSOS;;7,9;0
183694;1;65;12/05/2025;5102;;CLIENTES DIVERSOS;;57,83;0
183695;1;65;12/05/2025;5102;;CLIENTES DIVERSOS;;40,71;0
183696;1;65;12/05/2025;5102;;CLIENTES DIVERSOS;;18,98;0
183697;1;65;12/05/2025;5102;;CLIENTES DIVERSOS;;24,58;0
183698;1;65;12/05/2025;5102;;CLIENTES DIVERSOS;;11,28;0
183699;1;65;12/05/2025;5102;;CLIENTES DIVERSOS;;102;0
183700;1;65;13/05/2025;5102;;CLIENTES DIVERSOS;;22,33;0
183701;1;65;13/05/2025;5102;;CLIENTES DIVERSOS;;29,83;0
183702;1;65;13/05/2025;5102;;CLIENTES DIVERSOS;;71,95;0
183703;1;65;13/05/2025;5102;;CLIENTES DIVERSOS;;300,98;0
183704;1;65;13/05/2025;5102;;CLIENTES DIVERSOS;;24,08;0
183705;1;65;13/05/2025;5102;;CLIENTES DIVERSOS;;29,45;0
183706;1;65;13/05/2025;5102;;CLIENTES DIVERSOS;;9,74;0
183707;1;65;13/05/2025;5102;;CLIENTES DIVERSOS;;48,62;0
183708;1;65;13/05/2025;5102;;CLIENTES DIVERSOS;;84,25;0
183709;1;65;13/05/2025;5102;;CLIENTES DIVERSOS;;32,39;0
183710;1;65;13/05/2025;5102;;CLIENTES DIVERSOS;;78,16;0
183711;1;65;13/05/2025;5102;;CLIENTES DIVERSOS;;158,44;0
183712;1;65;13/05/2025;5102;;CLIENTES DIVERSOS;;162,73;0
183713;1;65;13/05/2025;5102;;CLIENTES DIVERSOS;;118,38;0
183714;1;65;13/05/2025;5102;;CLIENTES DIVERSOS;;181,66;0
183715;1;65;13/05/2025;5102;;CLIENTES DIVERSOS;;55,03;0
183716;1;65;13/05/2025;5102;;CLIENTES DIVERSOS;;207,71;0
183717;1;65;13/05/2025;5102;;CLIENTES DIVERSOS;;22,07;0
183718;1;65;13/05/2025;5102;;CLIENTES DIVERSOS;;17,32;0
183719;1;65;13/05/2025;5102;;CLIENTES DIVERSOS;;45,98;0
183720;1;65;13/05/2025;5102;;CLIENTES DIVERSOS;;6,3;0
183721;1;65;13/05/2025;5102;;CLIENTES DIVERSOS;;87,86;0
183722;1;65;13/05/2025;5102;;CLIENTES DIVERSOS;;103,4;0
183723;1;65;13/05/2025;5102;;CLIENTES DIVERSOS;;47;0
183724;1;65;13/05/2025;5102;;CLIENTES DIVERSOS;;63,98;0
183725;1;65;13/05/2025;5102;;CLIENTES DIVERSOS;;42,03;0
183726;1;65;13/05/2025;5102;;CLIENTES DIVERSOS;;10,48;0
183727;1;65;13/05/2025;5102;;CLIENTES DIVERSOS;;67,21;0
183728;1;65;13/05/2025;5102;;CLIENTES DIVERSOS;;41,88;0
183729;1;65;13/05/2025;5102;;CLIENTES DIVERSOS;;65,27;0
183730;1;65;13/05/2025;5102;;CLIENTES DIVERSOS;;26,99;0
183731;1;65;13/05/2025;5102;;CLIENTES DIVERSOS;;195,4;0
183732;1;65;13/05/2025;5102;;CLIENTES DIVERSOS;;37,08;0
183733;1;65;13/05/2025;5102;;CLIENTES DIVERSOS;;40,24;0
183734;1;65;13/05/2025;5102;;CLIENTES DIVERSOS;;21,39;0
183735;1;65;14/05/2025;5102;;CLIENTES DIVERSOS;;143,92;0
183736;1;65;14/05/2025;5102;;CLIENTES DIVERSOS;;53,6;0
183737;1;65;14/05/2025;5102;;CLIENTES DIVERSOS;;42,33;0
183738;1;65;14/05/2025;5102;;CLIENTES DIVERSOS;;19,54;0
183739;1;65;14/05/2025;5102;;CLIENTES DIVERSOS;;36,48;0
183740;1;65;14/05/2025;5102;;CLIENTES DIVERSOS;;21,09;0
183741;1;65;14/05/2025;5102;;CLIENTES DIVERSOS;;45,93;0
183742;1;65;14/05/2025;5102;;CLIENTES DIVERSOS;;73,65;0
183743;1;65;14/05/2025;5102;;CLIENTES DIVERSOS;;57,64;0
183744;1;65;14/05/2025;5102;;CLIENTES DIVERSOS;;13,99;0
183745;1;65;14/05/2025;5102;;CLIENTES DIVERSOS;;118,17;0
183746;1;65;14/05/2025;5102;;CLIENTES DIVERSOS;;61,31;0
183747;1;65;14/05/2025;5102;;CLIENTES DIVERSOS;;13,99;0
183748;1;65;14/05/2025;5102;;CLIENTES DIVERSOS;;116,59;0
183749;1;65;14/05/2025;5102;;CLIENTES DIVERSOS;;319,6;0
183750;1;65;14/05/2025;5102;;CLIENTES DIVERSOS;;205,92;0
183751;1;65;14/05/2025;5102;;CLIENTES DIVERSOS;;14,23;0
183752;1;65;14/05/2025;5102;;CLIENTES DIVERSOS;;8,9;0
183753;1;65;14/05/2025;5102;;CLIENTES DIVERSOS;;76;0
183754;1;65;14/05/2025;5102;;CLIENTES DIVERSOS;;119,49;0
183755;1;65;14/05/2025;5102;;CLIENTES DIVERSOS;;42,4;0
183756;1;65;14/05/2025;5102;;CLIENTES DIVERSOS;;83,47;0
183757;1;65;14/05/2025;5102;;CLIENTES DIVERSOS;;63,51;0
183758;1;65;14/05/2025;5102;;CLIENTES DIVERSOS;;25,46;0
183759;1;65;14/05/2025;5102;;CLIENTES DIVERSOS;;96,09;0
183760;1;65;15/05/2025;5102;;CLIENTES DIVERSOS;;22,36;0
183761;1;65;15/05/2025;5102;;CLIENTES DIVERSOS;;4,47;0
183762;1;65;15/05/2025;5102;;CLIENTES DIVERSOS;;9,7;0
183763;1;65;15/05/2025;5102;;CLIENTES DIVERSOS;;40,47;0
183764;1;65;15/05/2025;5102;;CLIENTES DIVERSOS;;177,75;0
183765;1;65;15/05/2025;5102;;CLIENTES DIVERSOS;;116,98;0
183766;1;65;15/05/2025;5102;;PISCINA AZUL COMERCIO DE PISCINAS EIRELE;;164,81;0
183767;1;65;15/05/2025;5102;;CLIENTES DIVERSOS;;47,2;0
183768;1;65;15/05/2025;5102;;CLIENTES DIVERSOS;;137,06;0
183769;1;65;15/05/2025;5102;;CLIENTES DIVERSOS;;150,26;0
183770;1;65;15/05/2025;5102;;CLIENTES DIVERSOS;;249,37;0
183771;1;65;15/05/2025;5102;;CLIENTES DIVERSOS;;45,91;0
183772;1;65;15/05/2025;5102;;CLIENTES DIVERSOS;;274,42;0
183773;1;65;15/05/2025;5102;;CLIENTES DIVERSOS;;71,71;0
183774;1;65;15/05/2025;5102;;CLIENTES DIVERSOS;;32,85;0
183775;1;65;15/05/2025;5102;;CLIENTES DIVERSOS;;123,84;0
183776;1;65;15/05/2025;5102;;CLIENTES DIVERSOS;;86,74;0
183777;1;65;15/05/2025;5102;;CLIENTES DIVERSOS;;11,97;0
183778;1;65;15/05/2025;5102;;CLIENTES DIVERSOS;;66,97;0
183779;1;65;15/05/2025;5102;;CLIENTES DIVERSOS;;110,35;0
183780;1;65;15/05/2025;5102;;CLIENTES DIVERSOS;;122,58;0
183781;1;65;15/05/2025;5102;;CLIENTES DIVERSOS;;87,36;0
183782;1;65;15/05/2025;5102;;CLIENTES DIVERSOS;;43,92;0
183783;1;65;15/05/2025;5102;;CLIENTES DIVERSOS;;90,56;0
183784;1;65;15/05/2025;5102;;CLIENTES DIVERSOS;;45,8;0
183785;1;65;15/05/2025;5102;;CLIENTES DIVERSOS;;41,14;0
183786;1;65;15/05/2025;5102;;CLIENTES DIVERSOS;;96,23;0
183787;1;65;15/05/2025;5102;;CLIENTES DIVERSOS;;31;0
183788;1;65;15/05/2025;5102;;CLIENTES DIVERSOS;;357,78;0
183789;1;65;15/05/2025;5102;;CLIENTES DIVERSOS;;16,92;0
183790;1;65;15/05/2025;5102;;CLIENTES DIVERSOS;;46,03;0
183791;1;65;15/05/2025;5102;;CLIENTES DIVERSOS;;83,46;0
183792;1;65;15/05/2025;5102;;CLIENTES DIVERSOS;;124,83;0
183793;1;65;15/05/2025;5102;;CLIENTES DIVERSOS;;59,39;0
183794;1;65;15/05/2025;5102;;CLIENTES DIVERSOS;;240,73;0
183795;1;65;15/05/2025;5102;;CLIENTES DIVERSOS;;82,11;0
183796;1;65;15/05/2025;5102;;CLIENTES DIVERSOS;;106,99;0
183797;1;65;15/05/2025;5102;;CLIENTES DIVERSOS;;131,86;0
183798;1;65;15/05/2025;5102;;CLIENTES DIVERSOS;;417,73;0
183799;1;65;15/05/2025;5102;;CLIENTES DIVERSOS;;25,66;0
183800;1;65;15/05/2025;5102;;CLIENTES DIVERSOS;;100,74;0
183801;1;65;15/05/2025;5102;;CLIENTES DIVERSOS;;110,85;0
183802;1;65;15/05/2025;5102;;CLIENTES DIVERSOS;;75,73;0
183803;1;65;16/05/2025;5102;;CLIENTES DIVERSOS;;36,85;0
183804;1;65;16/05/2025;5102;;CLIENTES DIVERSOS;;4,5;0
183805;1;65;16/05/2025;5102;;CLIENTES DIVERSOS;;15,45;0
183806;1;65;16/05/2025;5102;;CLIENTES DIVERSOS;;44,07;0
183807;1;65;16/05/2025;5102;;CLIENTES DIVERSOS;;45,84;0
183808;1;65;16/05/2025;5102;;CLIENTES DIVERSOS;;64,74;0
183809;1;65;16/05/2025;5102;;CLIENTES DIVERSOS;;18,23;0
183810;1;65;16/05/2025;5102;;CLIENTES DIVERSOS;;12;0
183811;1;65;16/05/2025;5102;;CLIENTES DIVERSOS;;89,89;0
183812;1;65;16/05/2025;5102;;CLIENTES DIVERSOS;;17,04;0
183813;1;65;16/05/2025;5102;;CLIENTES DIVERSOS;;148,05;0
183814;1;65;16/05/2025;5102;;CLIENTES DIVERSOS;;81,67;0
183815;1;65;16/05/2025;5102;;CLIENTES DIVERSOS;;20,19;0
183816;1;65;16/05/2025;5102;;CLIENTES DIVERSOS;;17,45;0
183817;1;65;16/05/2025;5102;;CLIENTES DIVERSOS;;16,99;0
183818;1;65;16/05/2025;5102;;CLIENTES DIVERSOS;;45,29;0
183819;1;65;16/05/2025;5102;;CLIENTES DIVERSOS;;90,48;0
183820;1;65;16/05/2025;5102;;CLIENTES DIVERSOS;;218,66;0
183821;1;65;16/05/2025;5102;;CLIENTES DIVERSOS;;64,56;0
183822;1;65;16/05/2025;5102;;CLIENTES DIVERSOS;;21;0
183823;1;65;16/05/2025;5102;;CLIENTES DIVERSOS;;273,15;0
183824;1;65;16/05/2025;5102;;CLIENTES DIVERSOS;;45,5;0
183825;1;65;16/05/2025;5102;;CLIENTES DIVERSOS;;25,27;0
183826;1;65;16/05/2025;5102;;CLIENTES DIVERSOS;;7,6;0
183827;1;65;16/05/2025;5102;;CLIENTES DIVERSOS;;37,98;0
183828;1;65;16/05/2025;5102;;CLIENTES DIVERSOS;;27,98;0
183829;1;65;16/05/2025;5102;;CLIENTES DIVERSOS;;102,6;0
183830;1;65;16/05/2025;5102;;CLIENTES DIVERSOS;;22,96;0
183831;1;65;16/05/2025;5102;;CLIENTES DIVERSOS;;23,75;0
183832;1;65;16/05/2025;5102;;CLIENTES DIVERSOS;;96,99;0
183833;1;65;16/05/2025;5102;;CLIENTES DIVERSOS;;122,81;0
183834;1;65;16/05/2025;5102;;CLIENTES DIVERSOS;;35,82;0
183835;1;65;16/05/2025;5102;;CLIENTES DIVERSOS;;53,97;0
183836;1;65;16/05/2025;5102;;CLIENTES DIVERSOS;;40,78;0
183837;1;65;16/05/2025;5102;;CLIENTES DIVERSOS;;101,91;0
183838;1;65;16/05/2025;5102;;CLIENTES DIVERSOS;;19,07;0
183839;1;65;16/05/2025;5102;;CLIENTES DIVERSOS;;5,34;0
183840;1;65;17/05/2025;5102;;CLIENTES DIVERSOS;;15,29;0
183841;1;65;17/05/2025;5102;;CLIENTES DIVERSOS;;58,13;0
183842;1;65;17/05/2025;5102;;CLIENTES DIVERSOS;;17,65;0
183843;1;65;17/05/2025;5102;;CLIENTES DIVERSOS;;65,15;0
183844;1;65;17/05/2025;5102;;CLIENTES DIVERSOS;;199,71;0
183845;1;65;17/05/2025;5102;;CLIENTES DIVERSOS;;130,96;0
183846;1;65;17/05/2025;5102;;CLIENTES DIVERSOS;;84,83;0
183847;1;65;17/05/2025;5102;;CLIENTES DIVERSOS;;17,98;0
183848;1;65;17/05/2025;5102;;CLIENTES DIVERSOS;;138,25;0
183849;1;65;17/05/2025;5102;;CLIENTES DIVERSOS;;9,99;0
183850;1;65;17/05/2025;5102;;CLIENTES DIVERSOS;;78,09;0
183851;1;65;17/05/2025;5102;;CLIENTES DIVERSOS;;39,98;0
183852;1;65;17/05/2025;5102;;CLIENTES DIVERSOS;;36,19;0
183853;1;65;17/05/2025;5102;;CLIENTES DIVERSOS;;76,52;0
183854;1;65;17/05/2025;5102;;CLIENTES DIVERSOS;;148,92;0
183855;1;65;17/05/2025;5102;;CLIENTES DIVERSOS;;127,34;0
183856;1;65;17/05/2025;5102;;CLIENTES DIVERSOS;;35,78;0
183857;1;65;17/05/2025;5102;;CLIENTES DIVERSOS;;51,21;0
183858;1;65;17/05/2025;5102;;CLIENTES DIVERSOS;;178,88;0
183859;1;65;17/05/2025;5102;;CLIENTES DIVERSOS;;60,82;0
183860;1;65;17/05/2025;5102;;CLIENTES DIVERSOS;;67,75;0
183861;1;65;17/05/2025;5102;;CLIENTES DIVERSOS;;57,93;0
183862;1;65;17/05/2025;5102;;CLIENTES DIVERSOS;;21,98;0
183863;1;65;17/05/2025;5102;;CLIENTES DIVERSOS;;251,42;0
183864;1;65;17/05/2025;5102;;CLIENTES DIVERSOS;;93,91;0
183865;1;65;17/05/2025;5102;;CLIENTES DIVERSOS;;89,65;0
183866;1;65;17/05/2025;5102;;CLIENTES DIVERSOS;;78,95;0
183867;1;65;18/05/2025;5102;;CLIENTES DIVERSOS;;59,25;0
183868;1;65;18/05/2025;5102;;CLIENTES DIVERSOS;;105,61;0
183869;1;65;18/05/2025;5102;;CLIENTES DIVERSOS;;24,69;0
183870;1;65;18/05/2025;5102;;CLIENTES DIVERSOS;;159,1;0
183871;1;65;18/05/2025;5102;;CLIENTES DIVERSOS;;49,38;0
183872;1;65;18/05/2025;5102;;CLIENTES DIVERSOS;;39;0
183873;1;65;18/05/2025;5102;;CLIENTES DIVERSOS;;92,28;0
183874;1;65;18/05/2025;5102;;CLIENTES DIVERSOS;;110,23;0
183875;1;65;18/05/2025;5102;;CLIENTES DIVERSOS;;71,37;0
183876;1;65;18/05/2025;5102;;CLIENTES DIVERSOS;;25,59;0
183877;1;65;18/05/2025;5102;;CLIENTES DIVERSOS;;239,65;0
183878;1;65;18/05/2025;5102;;CLIENTES DIVERSOS;;49,19;0
183879;1;65;18/05/2025;5102;;CLIENTES DIVERSOS;;128,48;0
183880;1;65;18/05/2025;5102;;CLIENTES DIVERSOS;;37,71;0
183881;1;65;19/05/2025;5102;;CLIENTES DIVERSOS;;20,49;0
183882;1;65;19/05/2025;5102;;CLIENTES DIVERSOS;;23,79;0
183883;1;65;19/05/2025;5102;;CLIENTES DIVERSOS;;41,22;0
183884;1;65;19/05/2025;5102;;CLIENTES DIVERSOS;;34,54;0
183885;1;65;19/05/2025;5102;;CLIENTES DIVERSOS;;45,95;0
183886;1;65;19/05/2025;5102;;CLIENTES DIVERSOS;;59,79;0
183887;1;65;19/05/2025;5102;;CLIENTES DIVERSOS;;53,44;0
183888;1;65;19/05/2025;5102;;CLIENTES DIVERSOS;;39,13;0
183889;1;65;19/05/2025;5102;;CLIENTES DIVERSOS;;134,8;0
183890;1;65;19/05/2025;5102;;CLIENTES DIVERSOS;;17,69;0
183891;1;65;19/05/2025;5102;;CLIENTES DIVERSOS;;60,02;0
183892;1;65;19/05/2025;5102;;CLIENTES DIVERSOS;;54,02;0
183893;1;65;19/05/2025;5102;;CLIENTES DIVERSOS;;41,3;0
183894;1;65;19/05/2025;5102;;CLIENTES DIVERSOS;;49,84;0
183895;1;65;19/05/2025;5102;;CLIENTES DIVERSOS;;13,64;0
183896;1;65;19/05/2025;5102;;CLIENTES DIVERSOS;;38,99;0
183897;1;65;19/05/2025;5102;;CLIENTES DIVERSOS;;25,15;0
183898;1;65;19/05/2025;5102;;CLIENTES DIVERSOS;;91,27;0
183899;1;65;19/05/2025;5102;;CLIENTES DIVERSOS;;45,19;0
183900;1;65;19/05/2025;5102;;CLIENTES DIVERSOS;;32,95;0
183901;1;65;19/05/2025;5102;;CLIENTES DIVERSOS;;160,55;0
183902;1;65;19/05/2025;5102;;CLIENTES DIVERSOS;;12,98;0
183903;1;65;19/05/2025;5102;;CLIENTES DIVERSOS;;160,74;0
183904;1;65;19/05/2025;5102;;CLIENTES DIVERSOS;;28,29;0
183905;1;65;19/05/2025;5102;;CLIENTES DIVERSOS;;28,97;0
183906;1;65;19/05/2025;5102;;CLIENTES DIVERSOS;;48,88;0
183907;1;65;19/05/2025;5102;;CLIENTES DIVERSOS;;7,47;0
183908;1;65;19/05/2025;5102;;CLIENTES DIVERSOS;;18,37;0
183909;1;65;19/05/2025;5102;;CLIENTES DIVERSOS;;14,39;0
183910;1;65;19/05/2025;5102;;CLIENTES DIVERSOS;;18,8;0
183911;1;65;19/05/2025;5102;;CLIENTES DIVERSOS;;83,72;0
183912;1;65;19/05/2025;5102;;CLIENTES DIVERSOS;;81,55;0
183913;1;65;19/05/2025;5102;;CLIENTES DIVERSOS;;18,48;0
183914;1;65;20/05/2025;5102;;CLIENTES DIVERSOS;;14,76;0
183915;1;65;20/05/2025;5102;;CLIENTES DIVERSOS;;69,13;0
183916;1;65;20/05/2025;5102;;CLIENTES DIVERSOS;;8,43;0
183917;1;65;20/05/2025;5102;;CLIENTES DIVERSOS;;36,18;0
183918;1;65;20/05/2025;5102;;CLIENTES DIVERSOS;;15,04;0
183919;1;65;20/05/2025;5102;;CLIENTES DIVERSOS;;43,12;0
183920;1;65;20/05/2025;5102;;CLIENTES DIVERSOS;;19,19;0
183921;1;65;20/05/2025;5102;;CLIENTES DIVERSOS;;127,58;0
183922;1;65;20/05/2025;5102;;CLIENTES DIVERSOS;;59,32;0
183923;1;65;20/05/2025;5102;;CLIENTES DIVERSOS;;16,58;0
183924;1;65;20/05/2025;5102;;CLIENTES DIVERSOS;;97,4;0
183925;1;65;20/05/2025;5102;;CLIENTES DIVERSOS;;44,98;0
183926;1;65;20/05/2025;5102;;CLIENTES DIVERSOS;;56,87;0
183927;1;65;20/05/2025;5102;;CLIENTES DIVERSOS;;23,77;0
183928;1;65;20/05/2025;5102;;CLIENTES DIVERSOS;;146,91;0
183929;1;65;20/05/2025;5102;;CLIENTES DIVERSOS;;13,98;0
183930;1;65;20/05/2025;5102;;CLIENTES DIVERSOS;;33,51;0
183931;1;65;20/05/2025;5102;;CLIENTES DIVERSOS;;45,65;0
183932;1;65;20/05/2025;5102;;CLIENTES DIVERSOS;;16,73;0
183933;1;65;20/05/2025;5102;;CLIENTES DIVERSOS;;33,08;0
183934;1;65;20/05/2025;5102;;CLIENTES DIVERSOS;;12,74;0
183935;1;65;21/05/2025;5102;;CLIENTES DIVERSOS;;30,18;0
183936;1;65;21/05/2025;5102;;CLIENTES DIVERSOS;;18,03;0
183937;1;65;21/05/2025;5102;;CLIENTES DIVERSOS;;10,53;0
183938;1;65;21/05/2025;5102;;CLIENTES DIVERSOS;;6,77;0
183939;1;65;21/05/2025;5102;;CLIENTES DIVERSOS;;151,13;0
183940;1;65;21/05/2025;5102;;CLIENTES DIVERSOS;;136,27;0
183941;1;65;21/05/2025;5102;;CLIENTES DIVERSOS;;115,88;0
183942;1;65;21/05/2025;5102;;CLIENTES DIVERSOS;;125,52;0
183943;1;65;21/05/2025;5102;;CLIENTES DIVERSOS;;68,42;0
183944;1;65;21/05/2025;5102;;CLIENTES DIVERSOS;;39,28;0
183945;1;65;21/05/2025;5102;;CLIENTES DIVERSOS;;42,07;0
183946;1;65;21/05/2025;5102;;CLIENTES DIVERSOS;;11,41;0
183947;1;65;21/05/2025;5102;;CLIENTES DIVERSOS;;8,6;0
183948;1;65;21/05/2025;5102;;CLIENTES DIVERSOS;;22,21;0
183949;1;65;21/05/2025;5102;;CLIENTES DIVERSOS;;27,98;0
183950;1;65;21/05/2025;5102;;CLIENTES DIVERSOS;;51,09;0
183951;1;65;21/05/2025;5102;;CLIENTES DIVERSOS;;104,5;0
183952;1;65;21/05/2025;5102;;CLIENTES DIVERSOS;;52,83;0
183953;1;65;21/05/2025;5102;;CLIENTES DIVERSOS;;65,17;0
183954;1;65;21/05/2025;5102;;CLIENTES DIVERSOS;;21,09;0
183955;1;65;21/05/2025;5102;;CLIENTES DIVERSOS;;4,28;0
183956;1;65;21/05/2025;5102;;CLIENTES DIVERSOS;;16,68;0
183957;1;65;21/05/2025;5102;;CLIENTES DIVERSOS;;8,71;0
183958;1;65;21/05/2025;5102;;CLIENTES DIVERSOS;;76,7;0
183959;1;65;21/05/2025;5102;;CLIENTES DIVERSOS;;45,65;0
183960;1;65;21/05/2025;5102;;CLIENTES DIVERSOS;;73,31;0
183961;1;65;21/05/2025;5102;;CLIENTES DIVERSOS;;87,45;0
183962;1;65;21/05/2025;5102;;CLIENTES DIVERSOS;;88,5;0
183963;1;65;21/05/2025;5102;;CLIENTES DIVERSOS;;73;0
183964;1;65;21/05/2025;5102;;CLIENTES DIVERSOS;;19,99;0
183965;1;65;22/05/2025;5102;;CLIENTES DIVERSOS;;17,63;0
183966;1;65;22/05/2025;5102;;CLIENTES DIVERSOS;;33,97;0
183967;1;65;22/05/2025;5102;;CLIENTES DIVERSOS;;39,72;0
183968;1;65;22/05/2025;5102;;CLIENTES DIVERSOS;;110,25;0
183969;1;65;22/05/2025;5102;;CLIENTES DIVERSOS;;62,15;0
183970;1;65;22/05/2025;5102;;CLIENTES DIVERSOS;;21,12;0
183971;1;65;22/05/2025;5102;;CLIENTES DIVERSOS;;95,75;0
183972;1;65;22/05/2025;5102;;CLIENTES DIVERSOS;;114,67;0
183973;1;65;22/05/2025;5102;;CLIENTES DIVERSOS;;39,36;0
183974;1;65;22/05/2025;5102;;CLIENTES DIVERSOS;;161,76;0
183975;1;65;22/05/2025;5102;;CLIENTES DIVERSOS;;58,75;0
183976;1;65;22/05/2025;5102;;CLIENTES DIVERSOS;;47,9;0
183977;1;65;22/05/2025;5102;;CLIENTES DIVERSOS;;106,21;0
183978;1;65;22/05/2025;5102;;CLIENTES DIVERSOS;;16,82;0
183979;1;65;22/05/2025;5102;;CLIENTES DIVERSOS;;330,98;0
183980;1;65;22/05/2025;5102;;CLIENTES DIVERSOS;;28,1;0
183981;1;65;22/05/2025;5102;;CLIENTES DIVERSOS;;44,39;0
183982;1;65;22/05/2025;5102;;CLIENTES DIVERSOS;;326,49;0
183983;1;65;22/05/2025;5102;;CLIENTES DIVERSOS;;47,64;0
183984;1;65;22/05/2025;5102;;CLIENTES DIVERSOS;;139,43;0
183985;1;65;22/05/2025;5102;;CLIENTES DIVERSOS;;160,91;0
183986;1;65;22/05/2025;5102;;CLIENTES DIVERSOS;;79,84;0
183987;1;65;22/05/2025;5102;;CLIENTES DIVERSOS;;106,67;0
183988;1;65;22/05/2025;5102;;CLIENTES DIVERSOS;;16,08;0
183989;1;65;22/05/2025;5102;;CLIENTES DIVERSOS;;110,25;0
183990;1;65;22/05/2025;5102;;CLIENTES DIVERSOS;;59,83;0
183991;1;65;22/05/2025;5102;;CLIENTES DIVERSOS;;167,63;0
183992;1;65;22/05/2025;5102;;CLIENTES DIVERSOS;;240,66;0
183993;1;65;22/05/2025;5102;;CLIENTES DIVERSOS;;72,31;0
183994;1;65;22/05/2025;5102;;CLIENTES DIVERSOS;;92,65;0
183995;1;65;22/05/2025;5102;;CLIENTES DIVERSOS;;25,98;0
183996;1;65;22/05/2025;5102;;CLIENTES DIVERSOS;;60,16;0
183997;1;65;22/05/2025;5102;;CLIENTES DIVERSOS;;105,23;0
183998;1;65;22/05/2025;5102;;CLIENTES DIVERSOS;;45,26;0
183999;1;65;22/05/2025;5102;;CLIENTES DIVERSOS;;45,22;0
184000;1;65;22/05/2025;5102;;CLIENTES DIVERSOS;;71,71;0
184001;1;65;22/05/2025;5102;;CLIENTES DIVERSOS;;23,53;0
184002;1;65;22/05/2025;5102;;CLIENTES DIVERSOS;;53,56;0
184003;1;65;22/05/2025;5102;;CLIENTES DIVERSOS;;63,82;0
184004;1;65;23/05/2025;5102;;CLIENTES DIVERSOS;;10,49;0
184005;1;65;23/05/2025;5102;;CLIENTES DIVERSOS;;13;0
184006;1;65;23/05/2025;5102;;CLIENTES DIVERSOS;;43,79;0
184007;1;65;23/05/2025;5102;;CLIENTES DIVERSOS;;26,53;0
184008;1;65;23/05/2025;5102;;CLIENTES DIVERSOS;;43,41;0
184009;1;65;23/05/2025;5102;;CLIENTES DIVERSOS;;122,04;0
184010;1;65;23/05/2025;5102;;CLIENTES DIVERSOS;;203,02;0
184011;1;65;23/05/2025;5102;;CLIENTES DIVERSOS;;15;0
184012;1;65;23/05/2025;5102;;CLIENTES DIVERSOS;;145,85;0
184013;1;65;23/05/2025;5102;;CLIENTES DIVERSOS;;161,5;0
184014;1;65;23/05/2025;5102;;CLIENTES DIVERSOS;;130,46;0
184015;1;65;23/05/2025;5102;;CLIENTES DIVERSOS;;81,72;0
184016;1;65;23/05/2025;5102;;CLIENTES DIVERSOS;;18,63;0
184017;1;65;23/05/2025;5102;;CLIENTES DIVERSOS;;39,59;0
184018;1;65;23/05/2025;5102;;CLIENTES DIVERSOS;;8,14;0
184019;1;65;23/05/2025;5102;;CLIENTES DIVERSOS;;7,4;0
184020;1;65;23/05/2025;5102;;CLIENTES DIVERSOS;;13,14;0
184021;1;65;23/05/2025;5102;;CLIENTES DIVERSOS;;165,36;0
184022;1;65;23/05/2025;5102;;CLIENTES DIVERSOS;;111,5;0
184023;1;65;23/05/2025;5102;;CLIENTES DIVERSOS;;20,06;0
184024;1;65;23/05/2025;5102;;CLIENTES DIVERSOS;;82,3;0
184025;1;65;23/05/2025;5102;;CLIENTES DIVERSOS;;58,35;0
184026;1;65;23/05/2025;5102;;CLIENTES DIVERSOS;;42,19;0
184027;1;65;23/05/2025;5102;;CLIENTES DIVERSOS;;73,92;0
184028;1;65;24/05/2025;5102;;CLIENTES DIVERSOS;;90,22;0
184029;1;65;24/05/2025;5102;;CLIENTES DIVERSOS;;8,91;0
184030;1;65;24/05/2025;5102;;CLIENTES DIVERSOS;;44,32;0
184031;1;65;24/05/2025;5102;;CLIENTES DIVERSOS;;178,69;0
184032;1;65;24/05/2025;5102;;CLIENTES DIVERSOS;;56,91;0
184033;1;65;24/05/2025;5102;;CLIENTES DIVERSOS;;23,37;0
184034;1;65;24/05/2025;5102;;CLIENTES DIVERSOS;;467,44;0
184035;1;65;24/05/2025;5102;;CLIENTES DIVERSOS;;12,67;0
184036;1;65;24/05/2025;5102;;CLIENTES DIVERSOS;;185,03;0
184037;1;65;24/05/2025;5102;;CLIENTES DIVERSOS;;105,24;0
184038;1;65;24/05/2025;5102;;CLIENTES DIVERSOS;;33,46;0
184039;1;65;24/05/2025;5102;;CLIENTES DIVERSOS;;41,09;0
184040;1;65;24/05/2025;5102;;CLIENTES DIVERSOS;;21,06;0
184041;1;65;24/05/2025;5102;;CLIENTES DIVERSOS;;174,43;0
184042;1;65;24/05/2025;5102;;CLIENTES DIVERSOS;;44,12;0
184043;1;65;24/05/2025;5102;;CLIENTES DIVERSOS;;54,33;0
184044;1;65;24/05/2025;5102;;CLIENTES DIVERSOS;;2,22;0
184045;1;65;24/05/2025;5102;;CLIENTES DIVERSOS;;26,95;0
184046;1;65;24/05/2025;5102;;CLIENTES DIVERSOS;;53,19;0
184047;1;65;25/05/2025;5102;;CLIENTES DIVERSOS;;143,97;0
184048;1;65;25/05/2025;5102;;CLIENTES DIVERSOS;;4,42;0
184049;1;65;25/05/2025;5102;;CLIENTES DIVERSOS;;28,57;0
184050;1;65;25/05/2025;5102;;CLIENTES DIVERSOS;;12,97;0
184051;1;65;25/05/2025;5102;;CLIENTES DIVERSOS;;8,48;0
184052;1;65;25/05/2025;5102;;CLIENTES DIVERSOS;;71,65;0
184053;1;65;25/05/2025;5102;;CLIENTES DIVERSOS;;29,35;0
184054;1;65;25/05/2025;5102;;CLIENTES DIVERSOS;;218,61;0
184055;1;65;25/05/2025;5102;;CLIENTES DIVERSOS;;55,42;0
184056;1;65;25/05/2025;5102;;CLIENTES DIVERSOS;;22,23;0
184057;1;65;25/05/2025;5102;;CLIENTES DIVERSOS;;133,1;0
184058;1;65;25/05/2025;5102;;CLIENTES DIVERSOS;;87,39;0
184059;1;65;25/05/2025;5102;;CLIENTES DIVERSOS;;41,78;0
184060;1;65;25/05/2025;5102;;CLIENTES DIVERSOS;;34,81;0
184061;1;65;25/05/2025;5102;;CLIENTES DIVERSOS;;27,47;0
184062;1;65;25/05/2025;5102;;CLIENTES DIVERSOS;;98,92;0
184063;1;65;26/05/2025;5102;;CLIENTES DIVERSOS;;11,42;0
184064;1;65;26/05/2025;5102;;CLIENTES DIVERSOS;;34,64;0
184065;1;65;26/05/2025;5102;;CLIENTES DIVERSOS;;40,03;0
184066;1;65;26/05/2025;5102;;CLIENTES DIVERSOS;;170,66;0
184067;1;65;26/05/2025;5102;;CLIENTES DIVERSOS;;37,97;0
184068;1;65;26/05/2025;5102;;CLIENTES DIVERSOS;;48,47;0
184069;1;65;26/05/2025;5102;;CLIENTES DIVERSOS;;32,27;0
184070;1;65;26/05/2025;5102;;CLIENTES DIVERSOS;;61,63;0
184071;1;65;26/05/2025;5102;;CLIENTES DIVERSOS;;13,49;0
184072;1;65;26/05/2025;5102;;CLIENTES DIVERSOS;;9,81;0
184073;1;65;26/05/2025;5102;;CLIENTES DIVERSOS;;16,7;0
184074;1;65;26/05/2025;5102;;CLIENTES DIVERSOS;;33,75;0
184075;1;65;26/05/2025;5102;;CLIENTES DIVERSOS;;88,44;0
184076;1;65;26/05/2025;5102;;CLIENTES DIVERSOS;;70,62;0
184077;1;65;26/05/2025;5102;;CLIENTES DIVERSOS;;53,05;0
184078;1;65;26/05/2025;5102;;CLIENTES DIVERSOS;;79,99;0
184079;1;65;26/05/2025;5102;;CLIENTES DIVERSOS;;48,29;0
184080;1;65;26/05/2025;5102;;CLIENTES DIVERSOS;;266,97;0
184081;1;65;27/05/2025;5102;;CLIENTES DIVERSOS;;59,94;0
184082;1;65;27/05/2025;5102;;CLIENTES DIVERSOS;;103,09;0
184083;1;65;27/05/2025;5102;;CLIENTES DIVERSOS;;28,65;0
184084;1;65;27/05/2025;5102;;CLIENTES DIVERSOS;;63,93;0
184085;1;65;27/05/2025;5102;;CLIENTES DIVERSOS;;35,98;0
184086;1;65;27/05/2025;5102;;CLIENTES DIVERSOS;;90,53;0
184087;1;65;27/05/2025;5102;;CLIENTES DIVERSOS;;40,7;0
184088;1;65;27/05/2025;5102;;CLIENTES DIVERSOS;;112,03;0
184089;1;65;27/05/2025;5102;;CLIENTES DIVERSOS;;58,48;0
184090;1;65;27/05/2025;5102;;CLIENTES DIVERSOS;;32,28;0
184091;1;65;27/05/2025;5102;;CLIENTES DIVERSOS;;18,36;0
184092;1;65;27/05/2025;5102;;CLIENTES DIVERSOS;;45,63;0
184093;1;65;27/05/2025;5102;;CLIENTES DIVERSOS;;66,97;0
184094;1;65;27/05/2025;5102;;CLIENTES DIVERSOS;;73,51;0
184095;1;65;27/05/2025;5102;;CLIENTES DIVERSOS;;9,49;0
184096;1;65;27/05/2025;5102;;CLIENTES DIVERSOS;;35,98;0
184097;1;65;27/05/2025;5102;;CLIENTES DIVERSOS;;150,24;0
184098;1;65;27/05/2025;5102;;CLIENTES DIVERSOS;;223,29;0
184099;1;65;27/05/2025;5102;;CLIENTES DIVERSOS;;47,91;0
184100;1;65;27/05/2025;5102;;CLIENTES DIVERSOS;;8,68;0
184101;1;65;27/05/2025;5102;;CLIENTES DIVERSOS;;48,48;0
184102;1;65;27/05/2025;5102;;CLIENTES DIVERSOS;;246,94;0
184103;1;65;27/05/2025;5102;;CLIENTES DIVERSOS;;72,2;0
184104;1;65;27/05/2025;5102;;CLIENTES DIVERSOS;;83,08;0
184105;1;65;27/05/2025;5102;;CLIENTES DIVERSOS;;254,69;0
184106;1;65;27/05/2025;5102;;CLIENTES DIVERSOS;;16,59;0
184107;1;65;27/05/2025;5102;;CLIENTES DIVERSOS;;115,22;0
184108;1;65;27/05/2025;5102;;CLIENTES DIVERSOS;;38,5;0
184109;1;65;27/05/2025;5102;;CLIENTES DIVERSOS;;84,32;0
184110;1;65;28/05/2025;5102;;CLIENTES DIVERSOS;;21,61;0
184111;1;65;28/05/2025;5102;;CLIENTES DIVERSOS;;67,74;0
184112;1;65;28/05/2025;5102;;CLIENTES DIVERSOS;;16,49;0
184113;1;65;28/05/2025;5102;;CLIENTES DIVERSOS;;114,99;0
184114;1;65;28/05/2025;5102;;CLIENTES DIVERSOS;;83,06;0
184115;1;65;28/05/2025;5102;;CLIENTES DIVERSOS;;315,76;0
184116;1;65;28/05/2025;5102;;CLIENTES DIVERSOS;;75,59;0
184117;1;65;28/05/2025;5102;;CLIENTES DIVERSOS;;14,48;0
184118;1;65;28/05/2025;5102;;CLIENTES DIVERSOS;;10,55;0
184119;1;65;28/05/2025;5102;;CLIENTES DIVERSOS;;30,06;0
184120;1;65;28/05/2025;5102;;CLIENTES DIVERSOS;;65,12;0
184121;1;65;28/05/2025;5102;;CLIENTES DIVERSOS;;33,83;0
184122;1;65;28/05/2025;5102;;CLIENTES DIVERSOS;;24,19;0
184123;1;65;28/05/2025;5102;;CLIENTES DIVERSOS;;95,62;0
184124;1;65;28/05/2025;5102;;CLIENTES DIVERSOS;;180,05;0
184125;1;65;28/05/2025;5102;;CLIENTES DIVERSOS;;35,92;0
184126;1;65;28/05/2025;5102;;CLIENTES DIVERSOS;;40,7;0
184127;1;65;28/05/2025;5102;;CLIENTES DIVERSOS;;80,34;0
184128;1;65;28/05/2025;5102;;CLIENTES DIVERSOS;;128,24;0
184129;1;65;28/05/2025;5102;;CLIENTES DIVERSOS;;13,4;0
184130;1;65;28/05/2025;5102;;CLIENTES DIVERSOS;;31,38;0
184131;1;65;28/05/2025;5102;;CLIENTES DIVERSOS;;71,29;0
184132;1;65;28/05/2025;5102;;CLIENTES DIVERSOS;;39,98;0
184133;1;65;28/05/2025;5102;;CLIENTES DIVERSOS;;35,36;0
184134;1;65;28/05/2025;5102;;CLIENTES DIVERSOS;;39,09;0
184135;1;65;28/05/2025;5102;;CLIENTES DIVERSOS;;24,49;0
184136;1;65;28/05/2025;5102;;CLIENTES DIVERSOS;;76,36;0
184137;1;65;28/05/2025;5102;;CLIENTES DIVERSOS;;41,57;0
184138;1;65;28/05/2025;5102;;CLIENTES DIVERSOS;;13,74;0
184139;1;65;28/05/2025;5102;;CLIENTES DIVERSOS;;76,3;0
184140;1;65;28/05/2025;5102;;CLIENTES DIVERSOS;;74,28;0
184141;1;65;28/05/2025;5102;;CLIENTES DIVERSOS;;78;0
184142;1;65;28/05/2025;5102;;CLIENTES DIVERSOS;;92,56;0
184143;1;65;28/05/2025;5102;;CLIENTES DIVERSOS;;89,95;0
184144;1;65;28/05/2025;5102;;CLIENTES DIVERSOS;;598,71;0
184145;1;65;28/05/2025;5102;;CLIENTES DIVERSOS;;24,74;0
184146;1;65;28/05/2025;5102;;CLIENTES DIVERSOS;;160,67;0
184147;1;65;28/05/2025;5102;;CLIENTES DIVERSOS;;31,24;0
184148;1;65;28/05/2025;5102;;CLIENTES DIVERSOS;;18,41;0
184149;1;65;29/05/2025;5102;;CLIENTES DIVERSOS;;18,68;0
184150;1;65;29/05/2025;5102;;CLIENTES DIVERSOS;;12,75;0
184151;1;65;29/05/2025;5102;;CLIENTES DIVERSOS;;34,19;0
184152;1;65;29/05/2025;5102;;CLIENTES DIVERSOS;;34,85;0
184153;1;65;29/05/2025;5102;;CLIENTES DIVERSOS;;34,77;0
184154;1;65;29/05/2025;5102;;CLIENTES DIVERSOS;;66,53;0
184155;1;65;29/05/2025;5102;;CLIENTES DIVERSOS;;33,79;0
184156;1;65;29/05/2025;5102;;CLIENTES DIVERSOS;;180,47;0
184157;1;65;29/05/2025;5102;;CLIENTES DIVERSOS;;277,34;0
184158;1;65;29/05/2025;5102;;PISCINA AZUL COMERCIO DE PISCINAS EIRELE;;190,16;0
184159;1;65;29/05/2025;5102;;CLIENTES DIVERSOS;;64,11;0
184160;1;65;29/05/2025;5102;;CLIENTES DIVERSOS;;251,29;0
184161;1;65;29/05/2025;5102;;CLIENTES DIVERSOS;;621,68;0
184162;1;65;29/05/2025;5102;;CLIENTES DIVERSOS;;54,03;0
184163;1;65;29/05/2025;5102;;CLIENTES DIVERSOS;;22,4;0
184164;1;65;29/05/2025;5102;;CLIENTES DIVERSOS;;20,8;0
184165;1;65;29/05/2025;5102;;CLIENTES DIVERSOS;;387,93;0
184166;1;65;29/05/2025;5102;;CLIENTES DIVERSOS;;31,87;0
184167;1;65;29/05/2025;5102;;CLIENTES DIVERSOS;;422,46;0
184168;1;65;29/05/2025;5102;;CLIENTES DIVERSOS;;115,74;0
184169;1;65;29/05/2025;5102;;CLIENTES DIVERSOS;;115,04;0
184170;1;65;29/05/2025;5102;;CLIENTES DIVERSOS;;50,43;0
184171;1;65;29/05/2025;5102;;CLIENTES DIVERSOS;;26,46;0
184172;1;65;29/05/2025;5102;;CLIENTES DIVERSOS;;10,9;0
184173;1;65;29/05/2025;5102;;CLIENTES DIVERSOS;;17,25;0
184174;1;65;29/05/2025;5102;;CLIENTES DIVERSOS;;138,38;0
184175;1;65;29/05/2025;5102;;CLIENTES DIVERSOS;;23,49;0
184176;1;65;29/05/2025;5102;;CLIENTES DIVERSOS;;106,5;0
184177;1;65;29/05/2025;5102;;CLIENTES DIVERSOS;;147,4;0
184178;1;65;29/05/2025;5102;;CLIENTES DIVERSOS;;134,36;0
184179;1;65;29/05/2025;5102;;CLIENTES DIVERSOS;;75,17;0
184180;1;65;29/05/2025;5102;;CLIENTES DIVERSOS;;57,45;0
184181;1;65;29/05/2025;5102;;CLIENTES DIVERSOS;;73,86;0
184182;1;65;29/05/2025;5102;;CLIENTES DIVERSOS;;23,06;0
184183;1;65;29/05/2025;5102;;CLIENTES DIVERSOS;;22,41;0
184184;1;65;29/05/2025;5102;;CLIENTES DIVERSOS;;13,6;0
184185;1;65;29/05/2025;5102;;CLIENTES DIVERSOS;;72,3;0
184186;1;65;29/05/2025;5102;;CLIENTES DIVERSOS;;137,57;0
184187;1;65;29/05/2025;5102;;CLIENTES DIVERSOS;;39,49;0
184188;1;65;29/05/2025;5102;;CLIENTES DIVERSOS;;56,16;0
184189;1;65;30/05/2025;5102;;CLIENTES DIVERSOS;;37,98;0
184190;1;65;30/05/2025;5102;;CLIENTES DIVERSOS;;25,37;0
184191;1;65;30/05/2025;5102;;CLIENTES DIVERSOS;;48,16;0
184192;1;65;30/05/2025;5102;;CLIENTES DIVERSOS;;3,63;0
184193;1;65;30/05/2025;5102;;CLIENTES DIVERSOS;;66,28;0
184194;1;65;30/05/2025;5102;;CLIENTES DIVERSOS;;69,48;0
184195;1;65;30/05/2025;5102;;CLIENTES DIVERSOS;;18,69;0
184196;1;65;30/05/2025;5102;;CLIENTES DIVERSOS;;101,71;0
184197;1;65;30/05/2025;5102;;CLIENTES DIVERSOS;;16,81;0
184198;1;65;30/05/2025;5102;;CLIENTES DIVERSOS;;90,79;0
184199;1;65;30/05/2025;5102;;CLIENTES DIVERSOS;;59,22;0
184200;1;65;30/05/2025;5102;;CLIENTES DIVERSOS;;13,32;0
184201;1;65;30/05/2025;5102;;CLIENTES DIVERSOS;;70,19;0
184202;1;65;30/05/2025;5102;;CLIENTES DIVERSOS;;167,59;0
184203;1;65;30/05/2025;5102;;CLIENTES DIVERSOS;;11,74;0
184204;1;65;30/05/2025;5102;;CLIENTES DIVERSOS;;23,21;0
184205;1;65;30/05/2025;5102;;CLIENTES DIVERSOS;;47,8;0
184206;1;65;30/05/2025;5102;;CLIENTES DIVERSOS;;21,18;0
184207;1;65;30/05/2025;5102;;CLIENTES DIVERSOS;;42,22;0
184208;1;65;30/05/2025;5102;;CLIENTES DIVERSOS;;12,45;0
184209;1;65;30/05/2025;5102;;CLIENTES DIVERSOS;;17,99;0
184210;1;65;30/05/2025;5102;;CLIENTES DIVERSOS;;38,9;0
184211;1;65;30/05/2025;5102;;CLIENTES DIVERSOS;;36,04;0
184212;1;65;30/05/2025;5102;;CLIENTES DIVERSOS;;18,97;0
184213;1;65;30/05/2025;5102;;CLIENTES DIVERSOS;;89;0
184214;1;65;30/05/2025;5102;;CLIENTES DIVERSOS;;81,83;0
184215;1;65;30/05/2025;5102;;CLIENTES DIVERSOS;;13,8;0
184216;1;65;30/05/2025;5102;;CLIENTES DIVERSOS;;24,9;0
184217;1;65;30/05/2025;5102;;CLIENTES DIVERSOS;;155,71;0
184218;1;65;30/05/2025;5102;;CLIENTES DIVERSOS;;23,97;0
184219;1;65;30/05/2025;5102;;CLIENTES DIVERSOS;;82,16;0
184220;1;65;30/05/2025;5102;;CLIENTES DIVERSOS;;82,3;0
184221;1;65;30/05/2025;5102;;CLIENTES DIVERSOS;;516,37;0
184222;1;65;30/05/2025;5102;;CLIENTES DIVERSOS;;8,09;0
184223;1;65;30/05/2025;5102;;CLIENTES DIVERSOS;;34,18;0
184224;1;65;30/05/2025;5102;;CLIENTES DIVERSOS;;25,96;0
184225;1;65;30/05/2025;5102;;CLIENTES DIVERSOS;;146,31;0
184226;1;65;30/05/2025;5102;;CLIENTES DIVERSOS;;77,96;0
184227;1;65;31/05/2025;5102;;CLIENTES DIVERSOS;;18;0
184228;1;65;31/05/2025;5102;;CLIENTES DIVERSOS;;33,87;0
184229;1;65;31/05/2025;5102;;CLIENTES DIVERSOS;;40,03;0
184230;1;65;31/05/2025;5102;;CLIENTES DIVERSOS;;133,29;0
184231;1;65;31/05/2025;5102;;CLIENTES DIVERSOS;;70,84;0
184232;1;65;31/05/2025;5102;;CLIENTES DIVERSOS;;42,98;0
184233;1;65;31/05/2025;5102;;CLIENTES DIVERSOS;;35,97;0
184234;1;65;31/05/2025;5102;;CLIENTES DIVERSOS;;23,05;0
184235;1;65;31/05/2025;5102;;CLIENTES DIVERSOS;;102,99;0
184236;1;65;31/05/2025;5102;;CLIENTES DIVERSOS;;44,79;0
184237;1;65;31/05/2025;5102;;CLIENTES DIVERSOS;;107,81;0
184238;1;65;31/05/2025;5102;;CLIENTES DIVERSOS;;63,77;0
184239;1;65;31/05/2025;5102;;CLIENTES DIVERSOS;;38,94;0
184240;1;65;31/05/2025;5102;;CLIENTES DIVERSOS;;33,19;0
184241;1;65;31/05/2025;5102;;CLIENTES DIVERSOS;;53;0
184242;1;65;31/05/2025;5102;;CLIENTES DIVERSOS;;26,25;0
184243;1;65;31/05/2025;5102;;CLIENTES DIVERSOS;;22,88;0
184244;1;65;31/05/2025;5102;;CLIENTES DIVERSOS;;45,36;0
184245;1;65;31/05/2025;5102;;CLIENTES DIVERSOS;;88,19;0
184246;1;65;31/05/2025;5102;;CLIENTES DIVERSOS;;88,34;0
184247;1;65;31/05/2025;5102;;CLIENTES DIVERSOS;;51,42;0
184248;1;65;31/05/2025;5102;;CLIENTES DIVERSOS;;81,99;0
184249;1;65;31/05/2025;5102;;CLIENTES DIVERSOS;;151,63;0
184250;1;65;31/05/2025;5102;;CLIENTES DIVERSOS;;282,19;0
184251;1;65;31/05/2025;5102;;CLIENTES DIVERSOS;;137,01;0
184252;1;65;31/05/2025;5102;;CLIENTES DIVERSOS;;211,42;0
184253;1;65;31/05/2025;5102;;CLIENTES DIVERSOS;;89,77;0
184254;1;65;31/05/2025;5102;;CLIENTES DIVERSOS;;53,31;0
;;;;;;;;69.508,86;0
